[
    {
        "actionName": "GET",
        "steps": [
            {
                "stepId": "STEP1",
                "stepName": "Custom Request: web_custom_request",
                "infFile": "t1.inf",
                "time": 1655168387667
            },
            {
                "stepId": "STEP2",
                "stepName": "Custom Request: web_custom_request",
                "infFile": "t3.inf",
                "time": 1655168388204
            }
        ],
        "transactions": [
            {
                "transactionName": "GET2",
                "rawStartTime": 1655168387682,
                "rawEndTime": 1655168388221,
                "thinkTime": 0.0,
                "wastedTime": 0.009199857711791993
            }
        ]
    },
    {
        "actionName": "put",
        "steps": [
            {
                "stepId": "STEP3",
                "stepName": "Custom Request: web_custom_request",
                "infFile": "t4.inf",
                "time": 1655168388601
            }
        ],
        "transactions": []
    },
    {
        "actionName": "PATCH",
        "steps": [
            {
                "stepId": "STEP4",
                "stepName": "Custom Request: web_custom_request",
                "infFile": "t7.inf",
                "time": 1655168389051
            }
        ],
        "transactions": []
    },
    {
        "actionName": "Delete",
        "steps": [
            {
                "stepId": "STEP5",
                "stepName": "Custom Request: web_custom_request",
                "infFile": "t8.inf",
                "time": 1655168389487
            }
        ],
        "transactions": []
    },
    {
        "actionName": "POST",
        "steps": [
            {
                "stepId": "STEP6",
                "stepName": "Custom Request: web_custom_request",
                "infFile": "t9.inf",
                "time": 1655168389988
            },
            {
                "stepId": "STEP7",
                "stepName": "Custom Request: web_custom_request",
                "infFile": "t11.inf",
                "time": 1655168390303
            }
        ],
        "transactions": []
    }
]