{"OutputFileHashSum":"78C2A3D8C50BD3FF144821D638571C4AB7A3D81FDB313B4FCB1E04205A1168A6","Converted":true,"OutputModifyDate":"2022-06-14T00:59:59.7246522Z","Metadatas":[],"MetadataTypes":[{"CategoryName":"VuGen.Replay","MetadataTypeName":"HP.LR.Vugen.Iteration","Id":1},{"CategoryName":"VuGen.Replay","MetadataTypeName":"HP.LR.Vugen.NotifyTransaction","Id":2},{"CategoryName":"VuGen.Replay","MetadataTypeName":"Utt.Debugger.Warning","Id":3},{"CategoryName":"VuGen.Replay","MetadataTypeName":"Utt.Debugger.Error","Id":4}]}