﻿<DataObject comparison="Ordinal">
  <Section id="">
    <Subsections>
      <Section id="General">
        <Subsections />
        <Entries>
          <Entry key="ElapsedTime">
            <double>13.5146673</double>
          </Entry>
          <Entry key="StartedAt">
            <dateTime>2022-06-13T19:59:46.2730729-05:00</dateTime>
          </Entry>
          <Entry key="EndedAt">
            <dateTime>2022-06-13T19:59:59.7877402-05:00</dateTime>
          </Entry>
          <Entry key="ReplayStatus">
            <LastReplayRunStatus>Passed</LastReplayRunStatus>
          </Entry>
          <Entry key="NumberOfReplayErrors">
            <int>0</int>
          </Entry>
          <Entry key="NumberOfReplayCriticalErrors">
            <int>0</int>
          </Entry>
          <Entry key="NumberOfCompilationErrors">
            <int>0</int>
          </Entry>
        </Entries>
      </Section>
    </Subsections>
    <Entries>
      <Entry key="Iterations">
        <int>5</int>
      </Entry>
    </Entries>
  </Section>
</DataObject>