<?xml version="1.0" encoding="utf-8"?>
<VugenScriptMetadata>
  <ScriptName>api1</ScriptName>
  <Protocol>Web - HTTP/HTML</Protocol>
  <ActionFiles>
    <FileEntry Name="vuser_init.c" Filter="2" />
    <FileEntry Name="GET.c" Filter="2" />
    <FileEntry Name="put.c" Filter="2" />
    <FileEntry Name="PATCH.c" Filter="2" />
    <FileEntry Name="Delete.c" Filter="2" />
    <FileEntry Name="POST.c" Filter="2" />
    <FileEntry Name="vuser_end.c" Filter="2" />
  </ActionFiles>
  <GeneralFiles>
    <FileEntry Name="api1.usr" Filter="4" />
    <FileEntry Name="default.cfg" Filter="4" />
    <FileEntry Name="default.usp" Filter="4" />
    <FileEntry Name="api1.prm" Filter="2" />
    <FileEntry Name="globals.h" Filter="2" />
    <FileEntry Name="p_names.dat" Filter="2" />
    <FileEntry Name="p_user.dat" Filter="2" />
    <FileEntry Name="Action.c" Filter="2" />
    <FileEntry Name="combined_api1.c" Filter="2" />
    <FileEntry Name="pre_cci.c" Filter="2" />
    <FileEntry Name="210795775440.idx" Filter="1" />
    <FileEntry Name="21079577544_1yQ.567.idx" Filter="1" />
    <FileEntry Name="21079577544_2N0.535.idx" Filter="1" />
    <FileEntry Name="21079577544_2QP.726.idx" Filter="1" />
    <FileEntry Name="21079577544_3uQ.586.idx" Filter="1" />
    <FileEntry Name="21079577544_3WE.577.idx" Filter="1" />
    <FileEntry Name="21079577544_4Mm.479.idx" Filter="1" />
    <FileEntry Name="21079577544_4tj.857.idx" Filter="1" />
    <FileEntry Name="21079577544_5gD.106.idx" Filter="1" />
    <FileEntry Name="21079577544_6Wp.734.idx" Filter="1" />
    <FileEntry Name="21079577544_8qx.219.idx" Filter="1" />
    <FileEntry Name="21079577544_8WB.699.idx" Filter="1" />
    <FileEntry Name="21079577544_95i.912.idx" Filter="1" />
    <FileEntry Name="21079577544_a2q.587.idx" Filter="1" />
    <FileEntry Name="21079577544_AD4.570.idx" Filter="1" />
    <FileEntry Name="21079577544_b8H.59.idx" Filter="1" />
    <FileEntry Name="21079577544_bDW.638.idx" Filter="1" />
    <FileEntry Name="21079577544_BGh.167.idx" Filter="1" />
    <FileEntry Name="21079577544_BUf.661.idx" Filter="1" />
    <FileEntry Name="21079577544_d4C.400.idx" Filter="1" />
    <FileEntry Name="21079577544_dIo.736.idx" Filter="1" />
    <FileEntry Name="21079577544_dNy.888.idx" Filter="1" />
    <FileEntry Name="21079577544_DPN.77.idx" Filter="1" />
    <FileEntry Name="21079577544_Dz2.820.idx" Filter="1" />
    <FileEntry Name="21079577544_EYQ.786.idx" Filter="1" />
    <FileEntry Name="21079577544_h68.821.idx" Filter="1" />
    <FileEntry Name="21079577544_hjT.100.idx" Filter="1" />
    <FileEntry Name="21079577544_HTI.53.idx" Filter="1" />
    <FileEntry Name="21079577544_igi.195.idx" Filter="1" />
    <FileEntry Name="21079577544_iJl.866.idx" Filter="1" />
    <FileEntry Name="21079577544_IpO.258.idx" Filter="1" />
    <FileEntry Name="21079577544_k4J.93.idx" Filter="1" />
    <FileEntry Name="21079577544_K7k.695.idx" Filter="1" />
    <FileEntry Name="21079577544_kCM.703.idx" Filter="1" />
    <FileEntry Name="21079577544_kEa.813.idx" Filter="1" />
    <FileEntry Name="21079577544_lae.204.idx" Filter="1" />
    <FileEntry Name="21079577544_lHK.419.idx" Filter="1" />
    <FileEntry Name="21079577544_m43.522.idx" Filter="1" />
    <FileEntry Name="21079577544_n7q.254.idx" Filter="1" />
    <FileEntry Name="21079577544_ngv.764.idx" Filter="1" />
    <FileEntry Name="21079577544_NKS.974.idx" Filter="1" />
    <FileEntry Name="21079577544_npG.378.idx" Filter="1" />
    <FileEntry Name="21079577544_Paf.408.idx" Filter="1" />
    <FileEntry Name="21079577544_pOO.865.idx" Filter="1" />
    <FileEntry Name="21079577544_qCj.965.idx" Filter="1" />
    <FileEntry Name="21079577544_qgg.12.idx" Filter="1" />
    <FileEntry Name="21079577544_R6Q.829.idx" Filter="1" />
    <FileEntry Name="21079577544_sBu.885.idx" Filter="1" />
    <FileEntry Name="21079577544_Tfe.620.idx" Filter="1" />
    <FileEntry Name="21079577544_TfV.130.idx" Filter="1" />
    <FileEntry Name="21079577544_TJB.393.idx" Filter="1" />
    <FileEntry Name="21079577544_tpT.7.idx" Filter="1" />
    <FileEntry Name="21079577544_Xxo.522.idx" Filter="1" />
    <FileEntry Name="21079577544_YKt.214.idx" Filter="1" />
    <FileEntry Name="21079577544_yYi.990.idx" Filter="1" />
    <FileEntry Name="21079577544_yZr.686.idx" Filter="1" />
    <FileEntry Name="21079577544_z6t.642.idx" Filter="1" />
    <FileEntry Name="21079577544_zfA.175.idx" Filter="1" />
    <FileEntry Name="21079577544_Zo2.90.idx" Filter="1" />
    <FileEntry Name="212289596440.idx" Filter="1" />
    <FileEntry Name="264654751440.idx" Filter="1" />
    <FileEntry Name="32538002440.idx" Filter="1" />
    <FileEntry Name="3253800244_0lg.637.idx" Filter="1" />
    <FileEntry Name="3253800244_0ob.981.idx" Filter="1" />
    <FileEntry Name="3253800244_2QM.257.idx" Filter="1" />
    <FileEntry Name="3253800244_3CY.203.idx" Filter="1" />
    <FileEntry Name="3253800244_5e2.469.idx" Filter="1" />
    <FileEntry Name="3253800244_7eq.169.idx" Filter="1" />
    <FileEntry Name="3253800244_7Ip.641.idx" Filter="1" />
    <FileEntry Name="3253800244_9lb.627.idx" Filter="1" />
    <FileEntry Name="3253800244_A5t.9.idx" Filter="1" />
    <FileEntry Name="3253800244_a8f.631.idx" Filter="1" />
    <FileEntry Name="3253800244_CCZ.989.idx" Filter="1" />
    <FileEntry Name="3253800244_DeH.883.idx" Filter="1" />
    <FileEntry Name="3253800244_dk3.709.idx" Filter="1" />
    <FileEntry Name="3253800244_Ee3.785.idx" Filter="1" />
    <FileEntry Name="3253800244_gUF.685.idx" Filter="1" />
    <FileEntry Name="3253800244_HNd.521.idx" Filter="1" />
    <FileEntry Name="3253800244_Hzp.253.idx" Filter="1" />
    <FileEntry Name="3253800244_Im5.677.idx" Filter="1" />
    <FileEntry Name="3253800244_jAm.763.idx" Filter="1" />
    <FileEntry Name="3253800244_kjt.213.idx" Filter="1" />
    <FileEntry Name="3253800244_kKA.13.idx" Filter="1" />
    <FileEntry Name="3253800244_Klq.265.idx" Filter="1" />
    <FileEntry Name="3253800244_klt.105.idx" Filter="1" />
    <FileEntry Name="3253800244_KZE.865.idx" Filter="1" />
    <FileEntry Name="3253800244_l7C.569.idx" Filter="1" />
    <FileEntry Name="3253800244_LGd.585.idx" Filter="1" />
    <FileEntry Name="3253800244_lnk.819.idx" Filter="1" />
    <FileEntry Name="3253800244_mdN.973.idx" Filter="1" />
    <FileEntry Name="3253800244_nJ0.77.idx" Filter="1" />
    <FileEntry Name="3253800244_nTc.725.idx" Filter="1" />
    <FileEntry Name="3253800244_OQ3.733.idx" Filter="1" />
    <FileEntry Name="3253800244_pcu.991.idx" Filter="1" />
    <FileEntry Name="3253800244_pZW.887.idx" Filter="1" />
    <FileEntry Name="3253800244_qaZ.99.idx" Filter="1" />
    <FileEntry Name="3253800244_r2S.521.idx" Filter="1" />
    <FileEntry Name="3253800244_rBY.89.idx" Filter="1" />
    <FileEntry Name="3253800244_rIj.81.idx" Filter="1" />
    <FileEntry Name="3253800244_S5X.129.idx" Filter="1" />
    <FileEntry Name="3253800244_sC5.841.idx" Filter="1" />
    <FileEntry Name="3253800244_sIv.911.idx" Filter="1" />
    <FileEntry Name="3253800244_suY.427.idx" Filter="1" />
    <FileEntry Name="3253800244_Szn.619.idx" Filter="1" />
    <FileEntry Name="3253800244_TjF.201.idx" Filter="1" />
    <FileEntry Name="3253800244_tlL.407.idx" Filter="1" />
    <FileEntry Name="3253800244_U6H.851.idx" Filter="1" />
    <FileEntry Name="3253800244_uh6.399.idx" Filter="1" />
    <FileEntry Name="3253800244_UoB.207.idx" Filter="1" />
    <FileEntry Name="3253800244_VO6.915.idx" Filter="1" />
    <FileEntry Name="3253800244_VqA.377.idx" Filter="1" />
    <FileEntry Name="3253800244_Vse.11.idx" Filter="1" />
    <FileEntry Name="3253800244_VXc.485.idx" Filter="1" />
    <FileEntry Name="3253800244_XPN.979.idx" Filter="1" />
    <FileEntry Name="3253800244_y6m.897.idx" Filter="1" />
    <FileEntry Name="3253800244_YPV.735.idx" Filter="1" />
    <FileEntry Name="3253800244_zeQ.733.idx" Filter="1" />
    <FileEntry Name="api1.c.pickle" Filter="1" />
    <FileEntry Name="api1.ci" Filter="1" />
    <FileEntry Name="api1.prm.bak" Filter="1" />
    <FileEntry Name="Bookmarks.xml" Filter="1" />
    <FileEntry Name="Breakpoints.xml" Filter="1" />
    <FileEntry Name="CompilerLogMetadata.xml" Filter="1" />
    <FileEntry Name="custom_body_variables.txt" Filter="1" />
    <FileEntry Name="logfile.log" Filter="1" />
    <FileEntry Name="lrw_custom_body.h" Filter="1" />
    <FileEntry Name="mdrv.log" Filter="1" />
    <FileEntry Name="mdrv_cmd.txt" Filter="1" />
    <FileEntry Name="options.txt" Filter="1" />
    <FileEntry Name="output.bak" Filter="1" />
    <FileEntry Name="output.txt" Filter="1" />
    <FileEntry Name="OutputColoringDatabase.json" Filter="1" />
    <FileEntry Name="p_job.dat" Filter="1" />
    <FileEntry Name="p_jobs.dat" Filter="1" />
    <FileEntry Name="p_name.dat" Filter="1" />
    <FileEntry Name="p_userno.dat" Filter="1" />
    <FileEntry Name="ReplaySummaryReport.xml" Filter="1" />
    <FileEntry Name="ScriptUploadMetadata.xml" Filter="1" />
    <FileEntry Name="TransactionsData.db" Filter="1" />
    <FileEntry Name="UserTasks.xml" Filter="1" />
    <FileEntry Name="result1\" Filter="1" />
  </GeneralFiles>
</VugenScriptMetadata>