[
    {
        "actionName": "GET",
        "steps": [
            {
                "stepId": "STEP15",
                "stepName": "Custom Request: web_custom_request",
                "infFile": "t1.inf",
                "time": 1655168392927
            },
            {
                "stepId": "STEP16",
                "stepName": "Custom Request: web_custom_request",
                "infFile": "t3.inf",
                "time": 1655168393058
            }
        ],
        "transactions": [
            {
                "transactionName": "GET2",
                "rawStartTime": 1655168392931,
                "rawEndTime": 1655168393070,
                "thinkTime": 0.0,
                "wastedTime": 0.012055635452270508
            }
        ]
    },
    {
        "actionName": "put",
        "steps": [
            {
                "stepId": "STEP17",
                "stepName": "Custom Request: web_custom_request",
                "infFile": "t4.inf",
                "time": 1655168393459
            }
        ],
        "transactions": []
    },
    {
        "actionName": "PATCH",
        "steps": [
            {
                "stepId": "STEP18",
                "stepName": "Custom Request: web_custom_request",
                "infFile": "t7.inf",
                "time": 1655168393851
            }
        ],
        "transactions": []
    },
    {
        "actionName": "Delete",
        "steps": [
            {
                "stepId": "STEP19",
                "stepName": "Custom Request: web_custom_request",
                "infFile": "t8.inf",
                "time": 1655168394171
            }
        ],
        "transactions": []
    },
    {
        "actionName": "POST",
        "steps": [
            {
                "stepId": "STEP20",
                "stepName": "Custom Request: web_custom_request",
                "infFile": "t9.inf",
                "time": 1655168394516
            },
            {
                "stepId": "STEP21",
                "stepName": "Custom Request: web_custom_request",
                "infFile": "t11.inf",
                "time": 1655168394851
            }
        ],
        "transactions": []
    }
]