[
    {
        "actionName": "GET",
        "steps": [
            {
                "stepId": "STEP29",
                "stepName": "Custom Request: web_custom_request",
                "infFile": "t1.inf",
                "time": 1655168397340
            },
            {
                "stepId": "STEP30",
                "stepName": "Custom Request: web_custom_request",
                "infFile": "t3.inf",
                "time": 1655168397744
            }
        ],
        "transactions": [
            {
                "transactionName": "GET2",
                "rawStartTime": 1655168397351,
                "rawEndTime": 1655168397753,
                "thinkTime": 0.0,
                "wastedTime": 0.02312326431274414
            }
        ]
    },
    {
        "actionName": "put",
        "steps": [
            {
                "stepId": "STEP31",
                "stepName": "Custom Request: web_custom_request",
                "infFile": "t4.inf",
                "time": 1655168398177
            }
        ],
        "transactions": []
    },
    {
        "actionName": "PATCH",
        "steps": [
            {
                "stepId": "STEP32",
                "stepName": "Custom Request: web_custom_request",
                "infFile": "t7.inf",
                "time": 1655168398625
            }
        ],
        "transactions": []
    },
    {
        "actionName": "Delete",
        "steps": [
            {
                "stepId": "STEP33",
                "stepName": "Custom Request: web_custom_request",
                "infFile": "t8.inf",
                "time": 1655168399063
            }
        ],
        "transactions": []
    },
    {
        "actionName": "POST",
        "steps": [
            {
                "stepId": "STEP34",
                "stepName": "Custom Request: web_custom_request",
                "infFile": "t9.inf",
                "time": 1655168399384
            },
            {
                "stepId": "STEP35",
                "stepName": "Custom Request: web_custom_request",
                "infFile": "t11.inf",
                "time": 1655168399697
            }
        ],
        "transactions": []
    }
]