[
    {
        "actionName": "GET",
        "steps": [
            {
                "stepId": "STEP8",
                "stepName": "Custom Request: web_custom_request",
                "infFile": "t1.inf",
                "time": 1655168390454
            },
            {
                "stepId": "STEP9",
                "stepName": "Custom Request: web_custom_request",
                "infFile": "t3.inf",
                "time": 1655168390815
            }
        ],
        "transactions": [
            {
                "transactionName": "GET2",
                "rawStartTime": 1655168390467,
                "rawEndTime": 1655168390824,
                "thinkTime": 0.0,
                "wastedTime": 0.011243581771850586
            }
        ]
    },
    {
        "actionName": "put",
        "steps": [
            {
                "stepId": "STEP10",
                "stepName": "Custom Request: web_custom_request",
                "infFile": "t4.inf",
                "time": 1655168391272
            }
        ],
        "transactions": []
    },
    {
        "actionName": "PATCH",
        "steps": [
            {
                "stepId": "STEP11",
                "stepName": "Custom Request: web_custom_request",
                "infFile": "t7.inf",
                "time": 1655168391664
            }
        ],
        "transactions": []
    },
    {
        "actionName": "Delete",
        "steps": [
            {
                "stepId": "STEP12",
                "stepName": "Custom Request: web_custom_request",
                "infFile": "t8.inf",
                "time": 1655168392062
            }
        ],
        "transactions": []
    },
    {
        "actionName": "POST",
        "steps": [
            {
                "stepId": "STEP13",
                "stepName": "Custom Request: web_custom_request",
                "infFile": "t9.inf",
                "time": 1655168392497
            },
            {
                "stepId": "STEP14",
                "stepName": "Custom Request: web_custom_request",
                "infFile": "t11.inf",
                "time": 1655168392787
            }
        ],
        "transactions": []
    }
]