[
    {
        "actionName": "GET",
        "steps": [
            {
                "stepId": "STEP22",
                "stepName": "Custom Request: web_custom_request",
                "infFile": "t1.inf",
                "time": 1655168395078
            },
            {
                "stepId": "STEP23",
                "stepName": "Custom Request: web_custom_request",
                "infFile": "t3.inf",
                "time": 1655168395248
            }
        ],
        "transactions": [
            {
                "transactionName": "GET2",
                "rawStartTime": 1655168395086,
                "rawEndTime": 1655168395253,
                "thinkTime": 0.0,
                "wastedTime": 0.032531023025512698
            }
        ]
    },
    {
        "actionName": "put",
        "steps": [
            {
                "stepId": "STEP24",
                "stepName": "Custom Request: web_custom_request",
                "infFile": "t4.inf",
                "time": 1655168395678
            }
        ],
        "transactions": []
    },
    {
        "actionName": "PATCH",
        "steps": [
            {
                "stepId": "STEP25",
                "stepName": "Custom Request: web_custom_request",
                "infFile": "t7.inf",
                "time": 1655168396224
            }
        ],
        "transactions": []
    },
    {
        "actionName": "Delete",
        "steps": [
            {
                "stepId": "STEP26",
                "stepName": "Custom Request: web_custom_request",
                "infFile": "t8.inf",
                "time": 1655168396540
            }
        ],
        "transactions": []
    },
    {
        "actionName": "POST",
        "steps": [
            {
                "stepId": "STEP27",
                "stepName": "Custom Request: web_custom_request",
                "infFile": "t9.inf",
                "time": 1655168396880
            },
            {
                "stepId": "STEP28",
                "stepName": "Custom Request: web_custom_request",
                "infFile": "t11.inf",
                "time": 1655168397181
            }
        ],
        "transactions": []
    }
]