﻿<?xml version="1.0"?>
<!DOCTYPE Report
[
<!ELEMENT Report (General ,(Doc|BPT)) >
<!ATTLIST Report ver CDATA #REQUIRED tmZone CDATA #REQUIRED>

<!ELEMENT General ( DocLocation ) >
<!ATTLIST General productName CDATA #REQUIRED productVer CDATA #REQUIRED os CDATA #REQUIRED host CDATA #REQUIRED qcserver CDATA #IMPLIED qcproject CDATA #IMPLIED SolManSolutionId CDATA #IMPLIED SolManProjectId CDATA #IMPLIED SolManTestPlanId CDATA #IMPLIED SolManTestPackageId CDATA #IMPLIED SolManUserInfoData CDATA #IMPLIED  >

<!ELEMENT BPT (DName,Res,DVer?,TSet?,TInst?,NodeArgs,AdditionalInfo*,Doc*) >
<!ATTLIST BPT rID ID #REQUIRED >

<!ELEMENT Doc (DName,ConfName?,Res,DVer?,TSet?,TInst?,RunType?,DT?,AdditionalInfo*,Step*,DIter*,Step*,Action*,Doc*,Summary?,TestMaintenanceSummary*,NodeArgs?) >
<!ATTLIST Doc rID ID #REQUIRED type (Test|BC|BPTWrapperTest|Flow|Group|Action) "Test" productName CDATA #REQUIRED BCIter CDATA #IMPLIED >

<!ELEMENT RunType ( #PCDATA )>
<!ATTLIST RunType fmStep (False|True) "False" batch (False|True) "False" upDesc (False|True) "False" upChk (False|True) "False" upAS (False|True) "False">

<!ELEMENT DName ( #PCDATA ) >

<!ELEMENT ConfName ( #PCDATA ) >

<!ELEMENT Res ( #PCDATA ) >

<!ELEMENT AdditionalInfo (AdditionalDataName,AdditionalDataValue ) >

<!ELEMENT AdditionalDataName ( #PCDATA ) >

<!ELEMENT AdditionalDataValue ( #PCDATA ) >

<!ELEMENT DVer ( #PCDATA ) >

<!ELEMENT TSet ( #PCDATA ) >

<!ELEMENT TInst ( #PCDATA ) >

<!ELEMENT DIter (Step*,Action+,Summary?,NodeArgs)>
<!ATTLIST DIter rID ID #REQUIRED iterID CDATA #REQUIRED>

<!ELEMENT DocLocation ( #PCDATA )>

<!ELEMENT Action (AName,AIter*,(Step|HtmlStep|Action)*, Summary,ActionMaintenanceSummary*, NodeArgs ) >
<!ATTLIST Action rID ID #REQUIRED>

<!ELEMENT AIter ((Step|HtmlStep|Action)*,DataMapping?, Summary?,NodeArgs) >
<!ATTLIST AIter rID ID #REQUIRED iterID CDATA #REQUIRED isCountable (False|True) "False" >

<!ELEMENT AName ( #PCDATA ) >

<!ELEMENT TestMaintenanceSummary (ActionMaintenanceSummary*) >
<!ATTLIST TestMaintenanceSummary ObjectsAdded CDATA #REQUIRED ObjectsUpdated CDATA #REQUIRED StepsUpdated CDATA #REQUIRED StepsComments CDATA #REQUIRED><!ELEMENT ActionMaintenanceSummary (ObjectChange* ) >
<!ATTLIST ActionMaintenanceSummary Action CDATA #REQUIRED Objects CDATA #REQUIRED Updated CDATA #REQUIRED LinesTotal CDATA #REQUIRED Added CDATA #REQUIRED LinesUpdated CDATA #REQUIRED>

<!ELEMENT ObjectChange  (Hierarchy, PropertyChangeList* ) >
<!ATTLIST ObjectChange Operation CDATA #IMPLIED OriginalRepository CDATA #IMPLIED>

<!ELEMENT PropertyChangeList (PropertyDef*) >

<!ELEMENT PropertyDef (OriginalValue, NewValue) >
<!ATTLIST PropertyDef PropName CDATA #REQUIRED OriginRegularExpression (True|False) "False" NewRegularExpression (True|False) "False" AddedProperty (True|False) "False" >

<!ELEMENT OriginalValue ( #PCDATA )>

<!ELEMENT NewValue ( #PCDATA )>

<!ELEMENT Hierarchy  (ObjectName, Hierarchy*) >
<!ATTLIST Hierarchy MicClass CDATA #REQUIRED>

<!ELEMENT ObjectName  ( #PCDATA ) >

<!ELEMENT Step (Obj,Details,Time,TimeTick* ,(Step|HtmlStep|Doc)*, DataMapping?, NodeArgs) >
<!ATTLIST Step rID ID #REQUIRED retval CDATA #IMPLIED>

<!ELEMENT HtmlStep (HTML,TimeTick*,(Step|HtmlStep|Doc)*,NodeArgs) >
<!ATTLIST HtmlStep rID ID #REQUIRED >

<!ELEMENT Obj ( #PCDATA ) >
<!ATTLIST Obj plainTxt (False|True) "True">

<!ELEMENT Details ( #PCDATA ) >
<!ATTLIST Details plainTxt (False|True) "True">

<!ELEMENT Time ( #PCDATA ) >

<!ELEMENT HTML ( #PCDATA ) >

<!ELEMENT Disp ( #PCDATA ) >

<!ELEMENT TimeTick ( #PCDATA ) >

<!ELEMENT DataMapping ( DataMappedItem* )>
<!ELEMENT DataMappedItem EMPTY >
<!ATTLIST DataMappedItem dsName CDATA #REQUIRED >
<!ATTLIST DataMappedItem rowId CDATA #REQUIRED >

<!ELEMENT NodeArgs (Disp,TopPane?,BtmPane?,ExtendedInfo? )>
<!ATTLIST NodeArgs eType CDATA #REQUIRED icon CDATA #REQUIRED nRep CDATA #REQUIRED UserNote CDATA #IMPLIED filter (False|True) "True">
<!ATTLIST NodeArgs status (Passed|Failed|Done|Warning|Information) "Done">
<!ATTLIST NodeArgs iconSel CDATA #IMPLIED nType CDATA #IMPLIED MovieMarker CDATA "">
<!ATTLIST NodeArgs Source CDATA #IMPLIED SourceLine CDATA #IMPLIED StepFlowItemKey CDATA #IMPLIED >

<!ELEMENT TopPane (Path)>

<!ELEMENT BtmPane ( (Path|WR)?,ASHilite?)>
<!ATTLIST BtmPane vType CDATA "HTML">

<!ELEMENT Path ( #PCDATA ) >

<!ELEMENT ASHilite ( #PCDATA ) >

<!ELEMENT WR ( #PCDATA ) >

<!ELEMENT ExtendedInfo ( StepData ) >

<!ATTLIST ExtendedInfo StepType CDATA #REQUIRED>
<!ELEMENT DT (NodeArgs) >
<!ATTLIST DT rID ID #REQUIRED>

<!ELEMENT Summary (Param*)>
<!ATTLIST Summary sTime CDATA #IMPLIED eTime CDATA #IMPLIED passed CDATA #IMPLIED failed CDATA #IMPLIED warnings CDATA #IMPLIED retval CDATA #IMPLIED stopped (False|True) "False" >

<!ELEMENT Param (ParamName,ParamVal)+ >
<!ATTLIST Param paramInOut (In|Out) "In">

<!ELEMENT ParamName ( #PCDATA ) >

<!ELEMENT ParamVal ( #PCDATA ) >

]
>
<Report ver="2.0" tmZone="Central Standard Time">
<General productName="Vugen" productVer="2021" os="" host="PRASANNA"><DocLocation><![CDATA[C:\Users\prasa\OneDrive\Documents\VuGen\Scripts\api1]]></DocLocation></General>
<Doc rID="T1"   productName= "Vugen"  >
<DName><![CDATA[api1]]></DName>
<Res><![CDATA[result1]]></Res>
<Action rID="T2">
<AName><![CDATA[vuser_init]]></AName>
<Summary sTime="6/13/2022 - 19:59:46" eTime="6/13/2022 - 19:59:46" passed="0" failed="0" warnings="0" ></Summary>
<NodeArgs eType="StartAction" icon="2" nRep="5" >
<Disp><![CDATA[vuser_init Summary]]></Disp>
</NodeArgs>
</Action>
<DIter rID="T3" iterID="1" >
<Action rID="T4">
<AName><![CDATA[GET]]></AName>
<Step rID="T5">
<Obj plainTxt="False" ><![CDATA[Custom Request: web_custom_request]]></Obj>
<Details plainTxt="False" ><![CDATA[<CENTER><STRONG><FONT COLOR=#009A63>Step completed successfully</FONT></STRONG></CENTER>]]></Details>
<Time><![CDATA[6/13/2022 - 19:59:47]]></Time>
<TimeTick>1655168387</TimeTick>
<NodeArgs eType="General" icon="4" nRep="9" status="Passed" >
<Disp><![CDATA[Custom Request: web_custom_request]]></Disp>
<BtmPane vType="HTMLSNSH" >
<Path><![CDATA[\Iteration1\t1.inf]]></Path>
</BtmPane>
</NodeArgs>
</Step>
<Step rID="T6">
<Obj plainTxt="False" ><![CDATA[Service: Add Header]]></Obj>
<Details plainTxt="False" ><![CDATA[<CENTER>Add the following header to the next HTTP request :<BR><STRONG><FONT COLOR=#00AF00>content-type: json</FONT></STRONG></CENTER>]]></Details>
<Time><![CDATA[6/13/2022 - 19:59:47]]></Time>
<TimeTick>1655168387</TimeTick>
<NodeArgs eType="General" icon="5" nRep="10" >
<Disp><![CDATA[Service: Add Header]]></Disp>
</NodeArgs>
</Step>
<Step rID="T7">
<Obj plainTxt="False" ><![CDATA[Service: Add Header]]></Obj>
<Details plainTxt="False" ><![CDATA[<CENTER>Add the following header to the next HTTP request :<BR><STRONG><FONT COLOR=#00AF00>usertype: value</FONT></STRONG></CENTER>]]></Details>
<Time><![CDATA[6/13/2022 - 19:59:47]]></Time>
<TimeTick>1655168387</TimeTick>
<NodeArgs eType="General" icon="5" nRep="11" >
<Disp><![CDATA[Service: Add Header]]></Disp>
</NodeArgs>
</Step>
<Step rID="T8">
<Obj plainTxt="False" ><![CDATA[Service: Reg Save Param RegExp]]></Obj>
<Details plainTxt="False" ><![CDATA[<CENTER>ParamName = <STRONG><FONT COLOR=#00AF00>c_email</FONT></STRONG><BR>RegExp = <STRONG><FONT COLOR=#00AF00>,"email":"(.*?)","first</FONT></STRONG><BR>Instance = <STRONG><FONT COLOR=#00AF00>1</FONT></STRONG></CENTER>]]></Details>
<Time><![CDATA[6/13/2022 - 19:59:47]]></Time>
<TimeTick>1655168387</TimeTick>
<NodeArgs eType="General" icon="6" nRep="12" >
<Disp><![CDATA[Service: Reg Save Param RegExp]]></Disp>
</NodeArgs>
</Step>
<Step rID="T9">
<Obj plainTxt="False" ><![CDATA[Custom Request: web_custom_request]]></Obj>
<Details plainTxt="False" ><![CDATA[<CENTER><STRONG><FONT COLOR=#009A63>Step completed successfully</FONT></STRONG></CENTER>]]></Details>
<Time><![CDATA[6/13/2022 - 19:59:48]]></Time>
<TimeTick>1655168388</TimeTick>
<NodeArgs eType="General" icon="4" nRep="13" status="Passed" >
<Disp><![CDATA[Custom Request: web_custom_request]]></Disp>
<BtmPane vType="HTMLSNSH" >
<Path><![CDATA[\Iteration1\t3.inf]]></Path>
</BtmPane>
</NodeArgs>
</Step>
<Summary sTime="6/13/2022 - 19:59:46" eTime="6/13/2022 - 19:59:48" passed="2" failed="0" warnings="0" ></Summary>
<NodeArgs eType="StartAction" icon="2" nRep="8" status="Passed" >
<Disp><![CDATA[GET Summary]]></Disp>
</NodeArgs>
</Action>
<Action rID="T10">
<AName><![CDATA[put]]></AName>
<Step rID="T11">
<Obj plainTxt="False" ><![CDATA[Service: Add Header]]></Obj>
<Details plainTxt="False" ><![CDATA[<CENTER>Add the following header to the next HTTP request :<BR><STRONG><FONT COLOR=#00AF00>content-type: json</FONT></STRONG></CENTER>]]></Details>
<Time><![CDATA[6/13/2022 - 19:59:48]]></Time>
<TimeTick>1655168388</TimeTick>
<NodeArgs eType="General" icon="5" nRep="16" >
<Disp><![CDATA[Service: Add Header]]></Disp>
</NodeArgs>
</Step>
<Step rID="T12">
<Obj plainTxt="False" ><![CDATA[Service: Add Header]]></Obj>
<Details plainTxt="False" ><![CDATA[<CENTER>Add the following header to the next HTTP request :<BR><STRONG><FONT COLOR=#00AF00>usertype: value</FONT></STRONG></CENTER>]]></Details>
<Time><![CDATA[6/13/2022 - 19:59:48]]></Time>
<TimeTick>1655168388</TimeTick>
<NodeArgs eType="General" icon="5" nRep="17" >
<Disp><![CDATA[Service: Add Header]]></Disp>
</NodeArgs>
</Step>
<Step rID="T13">
<Obj plainTxt="False" ><![CDATA[Custom Request: web_custom_request]]></Obj>
<Details plainTxt="False" ><![CDATA[<CENTER><STRONG><FONT COLOR=#009A63>Step completed successfully</FONT></STRONG></CENTER>]]></Details>
<Time><![CDATA[6/13/2022 - 19:59:48]]></Time>
<TimeTick>1655168388</TimeTick>
<NodeArgs eType="General" icon="4" nRep="18" status="Passed" >
<Disp><![CDATA[Custom Request: web_custom_request]]></Disp>
<BtmPane vType="HTMLSNSH" >
<Path><![CDATA[\Iteration1\t4.inf]]></Path>
</BtmPane>
</NodeArgs>
</Step>
<Summary sTime="6/13/2022 - 19:59:48" eTime="6/13/2022 - 19:59:48" passed="1" failed="0" warnings="0" ></Summary>
<NodeArgs eType="StartAction" icon="2" nRep="15" status="Passed" >
<Disp><![CDATA[put Summary]]></Disp>
</NodeArgs>
</Action>
<Action rID="T14">
<AName><![CDATA[PATCH]]></AName>
<Step rID="T15">
<Obj plainTxt="False" ><![CDATA[Service: Add Header]]></Obj>
<Details plainTxt="False" ><![CDATA[<CENTER>Add the following header to the next HTTP request :<BR><STRONG><FONT COLOR=#00AF00>content-type: json</FONT></STRONG></CENTER>]]></Details>
<Time><![CDATA[6/13/2022 - 19:59:48]]></Time>
<TimeTick>1655168388</TimeTick>
<NodeArgs eType="General" icon="5" nRep="21" >
<Disp><![CDATA[Service: Add Header]]></Disp>
</NodeArgs>
</Step>
<Step rID="T16">
<Obj plainTxt="False" ><![CDATA[Service: Add Header]]></Obj>
<Details plainTxt="False" ><![CDATA[<CENTER>Add the following header to the next HTTP request :<BR><STRONG><FONT COLOR=#00AF00>usertype: value</FONT></STRONG></CENTER>]]></Details>
<Time><![CDATA[6/13/2022 - 19:59:48]]></Time>
<TimeTick>1655168388</TimeTick>
<NodeArgs eType="General" icon="5" nRep="22" >
<Disp><![CDATA[Service: Add Header]]></Disp>
</NodeArgs>
</Step>
<Step rID="T17">
<Obj plainTxt="False" ><![CDATA[Service: Reg Save Param RegExp]]></Obj>
<Details plainTxt="False" ><![CDATA[<CENTER>ParamName = <STRONG><FONT COLOR=#00AF00>c_name</FONT></STRONG><BR>RegExp = <STRONG><FONT COLOR=#00AF00>name":"(.*?)","jo</FONT></STRONG><BR>Instance = <STRONG><FONT COLOR=#00AF00>[param not passed in call]</FONT></STRONG></CENTER>]]></Details>
<Time><![CDATA[6/13/2022 - 19:59:48]]></Time>
<TimeTick>1655168388</TimeTick>
<NodeArgs eType="General" icon="6" nRep="23" >
<Disp><![CDATA[Service: Reg Save Param RegExp]]></Disp>
</NodeArgs>
</Step>
<Step rID="T18">
<Obj plainTxt="False" ><![CDATA[Service: Reg Save Param RegExp]]></Obj>
<Details plainTxt="False" ><![CDATA[<CENTER>ParamName = <STRONG><FONT COLOR=#00AF00>c_job</FONT></STRONG><BR>RegExp = <STRONG><FONT COLOR=#00AF00>job":"(.*?)","up</FONT></STRONG><BR>Instance = <STRONG><FONT COLOR=#00AF00>[param not passed in call]</FONT></STRONG></CENTER>]]></Details>
<Time><![CDATA[6/13/2022 - 19:59:48]]></Time>
<TimeTick>1655168388</TimeTick>
<NodeArgs eType="General" icon="6" nRep="24" >
<Disp><![CDATA[Service: Reg Save Param RegExp]]></Disp>
</NodeArgs>
</Step>
<Step rID="T19">
<Obj plainTxt="False" ><![CDATA[Custom Request: web_custom_request]]></Obj>
<Details plainTxt="False" ><![CDATA[<CENTER><STRONG><FONT COLOR=#009A63>Step completed successfully</FONT></STRONG></CENTER>]]></Details>
<Time><![CDATA[6/13/2022 - 19:59:49]]></Time>
<TimeTick>1655168389</TimeTick>
<NodeArgs eType="General" icon="4" nRep="25" status="Passed" >
<Disp><![CDATA[Custom Request: web_custom_request]]></Disp>
<BtmPane vType="HTMLSNSH" >
<Path><![CDATA[\Iteration1\t7.inf]]></Path>
</BtmPane>
</NodeArgs>
</Step>
<Summary sTime="6/13/2022 - 19:59:48" eTime="6/13/2022 - 19:59:49" passed="1" failed="0" warnings="0" ></Summary>
<NodeArgs eType="StartAction" icon="2" nRep="20" status="Passed" >
<Disp><![CDATA[PATCH Summary]]></Disp>
</NodeArgs>
</Action>
<Action rID="T20">
<AName><![CDATA[Delete]]></AName>
<Step rID="T21">
<Obj plainTxt="False" ><![CDATA[Service: Add Header]]></Obj>
<Details plainTxt="False" ><![CDATA[<CENTER>Add the following header to the next HTTP request :<BR><STRONG><FONT COLOR=#00AF00>content-type: json</FONT></STRONG></CENTER>]]></Details>
<Time><![CDATA[6/13/2022 - 19:59:49]]></Time>
<TimeTick>1655168389</TimeTick>
<NodeArgs eType="General" icon="5" nRep="28" >
<Disp><![CDATA[Service: Add Header]]></Disp>
</NodeArgs>
</Step>
<Step rID="T22">
<Obj plainTxt="False" ><![CDATA[Service: Add Header]]></Obj>
<Details plainTxt="False" ><![CDATA[<CENTER>Add the following header to the next HTTP request :<BR><STRONG><FONT COLOR=#00AF00>usertype: value</FONT></STRONG></CENTER>]]></Details>
<Time><![CDATA[6/13/2022 - 19:59:49]]></Time>
<TimeTick>1655168389</TimeTick>
<NodeArgs eType="General" icon="5" nRep="29" >
<Disp><![CDATA[Service: Add Header]]></Disp>
</NodeArgs>
</Step>
<Step rID="T23">
<Obj plainTxt="False" ><![CDATA[Custom Request: web_custom_request]]></Obj>
<Details plainTxt="False" ><![CDATA[<CENTER><STRONG><FONT COLOR=#009A63>Step completed successfully</FONT></STRONG></CENTER>]]></Details>
<Time><![CDATA[6/13/2022 - 19:59:49]]></Time>
<TimeTick>1655168389</TimeTick>
<NodeArgs eType="General" icon="4" nRep="30" status="Passed" >
<Disp><![CDATA[Custom Request: web_custom_request]]></Disp>
<BtmPane vType="HTMLSNSH" >
<Path><![CDATA[\Iteration1\t8.inf]]></Path>
</BtmPane>
</NodeArgs>
</Step>
<Summary sTime="6/13/2022 - 19:59:49" eTime="6/13/2022 - 19:59:49" passed="1" failed="0" warnings="0" ></Summary>
<NodeArgs eType="StartAction" icon="2" nRep="27" status="Passed" >
<Disp><![CDATA[Delete Summary]]></Disp>
</NodeArgs>
</Action>
<Action rID="T24">
<AName><![CDATA[POST]]></AName>
<Step rID="T25">
<Obj plainTxt="False" ><![CDATA[Service: Add Header]]></Obj>
<Details plainTxt="False" ><![CDATA[<CENTER>Add the following header to the next HTTP request :<BR><STRONG><FONT COLOR=#00AF00>content-type: json</FONT></STRONG></CENTER>]]></Details>
<Time><![CDATA[6/13/2022 - 19:59:49]]></Time>
<TimeTick>1655168389</TimeTick>
<NodeArgs eType="General" icon="5" nRep="33" >
<Disp><![CDATA[Service: Add Header]]></Disp>
</NodeArgs>
</Step>
<Step rID="T26">
<Obj plainTxt="False" ><![CDATA[Service: Add Header]]></Obj>
<Details plainTxt="False" ><![CDATA[<CENTER>Add the following header to the next HTTP request :<BR><STRONG><FONT COLOR=#00AF00>usertype: value</FONT></STRONG></CENTER>]]></Details>
<Time><![CDATA[6/13/2022 - 19:59:49]]></Time>
<TimeTick>1655168389</TimeTick>
<NodeArgs eType="General" icon="5" nRep="34" >
<Disp><![CDATA[Service: Add Header]]></Disp>
</NodeArgs>
</Step>
<Step rID="T27">
<Obj plainTxt="False" ><![CDATA[Custom Request: web_custom_request]]></Obj>
<Details plainTxt="False" ><![CDATA[<CENTER><STRONG><FONT COLOR=#009A63>Step completed successfully</FONT></STRONG></CENTER>]]></Details>
<Time><![CDATA[6/13/2022 - 19:59:49]]></Time>
<TimeTick>1655168389</TimeTick>
<NodeArgs eType="General" icon="4" nRep="35" status="Passed" >
<Disp><![CDATA[Custom Request: web_custom_request]]></Disp>
<BtmPane vType="HTMLSNSH" >
<Path><![CDATA[\Iteration1\t9.inf]]></Path>
</BtmPane>
</NodeArgs>
</Step>
<Step rID="T28">
<Obj plainTxt="False" ><![CDATA[Service: Reg Save Param RegExp]]></Obj>
<Details plainTxt="False" ><![CDATA[<CENTER>ParamName = <STRONG><FONT COLOR=#00AF00>c_token</FONT></STRONG><BR>RegExp = <STRONG><FONT COLOR=#00AF00>token":"(.*?)"</FONT></STRONG><BR>Instance = <STRONG><FONT COLOR=#00AF00>[param not passed in call]</FONT></STRONG></CENTER>]]></Details>
<Time><![CDATA[6/13/2022 - 19:59:50]]></Time>
<TimeTick>1655168390</TimeTick>
<NodeArgs eType="General" icon="6" nRep="36" >
<Disp><![CDATA[Service: Reg Save Param RegExp]]></Disp>
</NodeArgs>
</Step>
<Step rID="T29">
<Obj plainTxt="False" ><![CDATA[Custom Request: web_custom_request]]></Obj>
<Details plainTxt="False" ><![CDATA[<CENTER><STRONG><FONT COLOR=#009A63>Step completed successfully</FONT></STRONG></CENTER>]]></Details>
<Time><![CDATA[6/13/2022 - 19:59:50]]></Time>
<TimeTick>1655168390</TimeTick>
<NodeArgs eType="General" icon="4" nRep="37" status="Passed" >
<Disp><![CDATA[Custom Request: web_custom_request]]></Disp>
<BtmPane vType="HTMLSNSH" >
<Path><![CDATA[\Iteration1\t11.inf]]></Path>
</BtmPane>
</NodeArgs>
</Step>
<Summary sTime="6/13/2022 - 19:59:49" eTime="6/13/2022 - 19:59:50" passed="2" failed="0" warnings="0" ></Summary>
<NodeArgs eType="StartAction" icon="2" nRep="32" status="Passed" >
<Disp><![CDATA[POST Summary]]></Disp>
</NodeArgs>
</Action>
<NodeArgs eType="StartIteration" icon="3" nRep="7" status="Passed" >
<Disp><![CDATA[api1 Iteration 1 (Row 1)]]></Disp>
</NodeArgs>
</DIter>
<DIter rID="T30" iterID="2" >
<Action rID="T31">
<AName><![CDATA[GET]]></AName>
<Step rID="T32">
<Obj plainTxt="False" ><![CDATA[Custom Request: web_custom_request]]></Obj>
<Details plainTxt="False" ><![CDATA[<CENTER><STRONG><FONT COLOR=#009A63>Step completed successfully</FONT></STRONG></CENTER>]]></Details>
<Time><![CDATA[6/13/2022 - 19:59:50]]></Time>
<TimeTick>1655168390</TimeTick>
<NodeArgs eType="General" icon="4" nRep="42" status="Passed" >
<Disp><![CDATA[Custom Request: web_custom_request]]></Disp>
<BtmPane vType="HTMLSNSH" >
<Path><![CDATA[\Iteration2\t1.inf]]></Path>
</BtmPane>
</NodeArgs>
</Step>
<Step rID="T33">
<Obj plainTxt="False" ><![CDATA[Service: Add Header]]></Obj>
<Details plainTxt="False" ><![CDATA[<CENTER>Add the following header to the next HTTP request :<BR><STRONG><FONT COLOR=#00AF00>content-type: json</FONT></STRONG></CENTER>]]></Details>
<Time><![CDATA[6/13/2022 - 19:59:50]]></Time>
<TimeTick>1655168390</TimeTick>
<NodeArgs eType="General" icon="5" nRep="43" >
<Disp><![CDATA[Service: Add Header]]></Disp>
</NodeArgs>
</Step>
<Step rID="T34">
<Obj plainTxt="False" ><![CDATA[Service: Add Header]]></Obj>
<Details plainTxt="False" ><![CDATA[<CENTER>Add the following header to the next HTTP request :<BR><STRONG><FONT COLOR=#00AF00>usertype: value</FONT></STRONG></CENTER>]]></Details>
<Time><![CDATA[6/13/2022 - 19:59:50]]></Time>
<TimeTick>1655168390</TimeTick>
<NodeArgs eType="General" icon="5" nRep="44" >
<Disp><![CDATA[Service: Add Header]]></Disp>
</NodeArgs>
</Step>
<Step rID="T35">
<Obj plainTxt="False" ><![CDATA[Service: Reg Save Param RegExp]]></Obj>
<Details plainTxt="False" ><![CDATA[<CENTER>ParamName = <STRONG><FONT COLOR=#00AF00>c_email</FONT></STRONG><BR>RegExp = <STRONG><FONT COLOR=#00AF00>,"email":"(.*?)","first</FONT></STRONG><BR>Instance = <STRONG><FONT COLOR=#00AF00>1</FONT></STRONG></CENTER>]]></Details>
<Time><![CDATA[6/13/2022 - 19:59:50]]></Time>
<TimeTick>1655168390</TimeTick>
<NodeArgs eType="General" icon="6" nRep="45" >
<Disp><![CDATA[Service: Reg Save Param RegExp]]></Disp>
</NodeArgs>
</Step>
<Step rID="T36">
<Obj plainTxt="False" ><![CDATA[Custom Request: web_custom_request]]></Obj>
<Details plainTxt="False" ><![CDATA[<CENTER><STRONG><FONT COLOR=#009A63>Step completed successfully</FONT></STRONG></CENTER>]]></Details>
<Time><![CDATA[6/13/2022 - 19:59:50]]></Time>
<TimeTick>1655168390</TimeTick>
<NodeArgs eType="General" icon="4" nRep="46" status="Passed" >
<Disp><![CDATA[Custom Request: web_custom_request]]></Disp>
<BtmPane vType="HTMLSNSH" >
<Path><![CDATA[\Iteration2\t3.inf]]></Path>
</BtmPane>
</NodeArgs>
</Step>
<Summary sTime="6/13/2022 - 19:59:50" eTime="6/13/2022 - 19:59:50" passed="2" failed="0" warnings="0" ></Summary>
<NodeArgs eType="StartAction" icon="2" nRep="41" status="Passed" >
<Disp><![CDATA[GET Summary]]></Disp>
</NodeArgs>
</Action>
<Action rID="T37">
<AName><![CDATA[put]]></AName>
<Step rID="T38">
<Obj plainTxt="False" ><![CDATA[Service: Add Header]]></Obj>
<Details plainTxt="False" ><![CDATA[<CENTER>Add the following header to the next HTTP request :<BR><STRONG><FONT COLOR=#00AF00>content-type: json</FONT></STRONG></CENTER>]]></Details>
<Time><![CDATA[6/13/2022 - 19:59:50]]></Time>
<TimeTick>1655168390</TimeTick>
<NodeArgs eType="General" icon="5" nRep="49" >
<Disp><![CDATA[Service: Add Header]]></Disp>
</NodeArgs>
</Step>
<Step rID="T39">
<Obj plainTxt="False" ><![CDATA[Service: Add Header]]></Obj>
<Details plainTxt="False" ><![CDATA[<CENTER>Add the following header to the next HTTP request :<BR><STRONG><FONT COLOR=#00AF00>usertype: value</FONT></STRONG></CENTER>]]></Details>
<Time><![CDATA[6/13/2022 - 19:59:50]]></Time>
<TimeTick>1655168390</TimeTick>
<NodeArgs eType="General" icon="5" nRep="50" >
<Disp><![CDATA[Service: Add Header]]></Disp>
</NodeArgs>
</Step>
<Step rID="T40">
<Obj plainTxt="False" ><![CDATA[Custom Request: web_custom_request]]></Obj>
<Details plainTxt="False" ><![CDATA[<CENTER><STRONG><FONT COLOR=#009A63>Step completed successfully</FONT></STRONG></CENTER>]]></Details>
<Time><![CDATA[6/13/2022 - 19:59:51]]></Time>
<TimeTick>1655168391</TimeTick>
<NodeArgs eType="General" icon="4" nRep="51" status="Passed" >
<Disp><![CDATA[Custom Request: web_custom_request]]></Disp>
<BtmPane vType="HTMLSNSH" >
<Path><![CDATA[\Iteration2\t4.inf]]></Path>
</BtmPane>
</NodeArgs>
</Step>
<Summary sTime="6/13/2022 - 19:59:50" eTime="6/13/2022 - 19:59:51" passed="1" failed="0" warnings="0" ></Summary>
<NodeArgs eType="StartAction" icon="2" nRep="48" status="Passed" >
<Disp><![CDATA[put Summary]]></Disp>
</NodeArgs>
</Action>
<Action rID="T41">
<AName><![CDATA[PATCH]]></AName>
<Step rID="T42">
<Obj plainTxt="False" ><![CDATA[Service: Add Header]]></Obj>
<Details plainTxt="False" ><![CDATA[<CENTER>Add the following header to the next HTTP request :<BR><STRONG><FONT COLOR=#00AF00>content-type: json</FONT></STRONG></CENTER>]]></Details>
<Time><![CDATA[6/13/2022 - 19:59:51]]></Time>
<TimeTick>1655168391</TimeTick>
<NodeArgs eType="General" icon="5" nRep="54" >
<Disp><![CDATA[Service: Add Header]]></Disp>
</NodeArgs>
</Step>
<Step rID="T43">
<Obj plainTxt="False" ><![CDATA[Service: Add Header]]></Obj>
<Details plainTxt="False" ><![CDATA[<CENTER>Add the following header to the next HTTP request :<BR><STRONG><FONT COLOR=#00AF00>usertype: value</FONT></STRONG></CENTER>]]></Details>
<Time><![CDATA[6/13/2022 - 19:59:51]]></Time>
<TimeTick>1655168391</TimeTick>
<NodeArgs eType="General" icon="5" nRep="55" >
<Disp><![CDATA[Service: Add Header]]></Disp>
</NodeArgs>
</Step>
<Step rID="T44">
<Obj plainTxt="False" ><![CDATA[Service: Reg Save Param RegExp]]></Obj>
<Details plainTxt="False" ><![CDATA[<CENTER>ParamName = <STRONG><FONT COLOR=#00AF00>c_name</FONT></STRONG><BR>RegExp = <STRONG><FONT COLOR=#00AF00>name":"(.*?)","jo</FONT></STRONG><BR>Instance = <STRONG><FONT COLOR=#00AF00>[param not passed in call]</FONT></STRONG></CENTER>]]></Details>
<Time><![CDATA[6/13/2022 - 19:59:51]]></Time>
<TimeTick>1655168391</TimeTick>
<NodeArgs eType="General" icon="6" nRep="56" >
<Disp><![CDATA[Service: Reg Save Param RegExp]]></Disp>
</NodeArgs>
</Step>
<Step rID="T45">
<Obj plainTxt="False" ><![CDATA[Service: Reg Save Param RegExp]]></Obj>
<Details plainTxt="False" ><![CDATA[<CENTER>ParamName = <STRONG><FONT COLOR=#00AF00>c_job</FONT></STRONG><BR>RegExp = <STRONG><FONT COLOR=#00AF00>job":"(.*?)","up</FONT></STRONG><BR>Instance = <STRONG><FONT COLOR=#00AF00>[param not passed in call]</FONT></STRONG></CENTER>]]></Details>
<Time><![CDATA[6/13/2022 - 19:59:51]]></Time>
<TimeTick>1655168391</TimeTick>
<NodeArgs eType="General" icon="6" nRep="57" >
<Disp><![CDATA[Service: Reg Save Param RegExp]]></Disp>
</NodeArgs>
</Step>
<Step rID="T46">
<Obj plainTxt="False" ><![CDATA[Custom Request: web_custom_request]]></Obj>
<Details plainTxt="False" ><![CDATA[<CENTER><STRONG><FONT COLOR=#009A63>Step completed successfully</FONT></STRONG></CENTER>]]></Details>
<Time><![CDATA[6/13/2022 - 19:59:51]]></Time>
<TimeTick>1655168391</TimeTick>
<NodeArgs eType="General" icon="4" nRep="58" status="Passed" >
<Disp><![CDATA[Custom Request: web_custom_request]]></Disp>
<BtmPane vType="HTMLSNSH" >
<Path><![CDATA[\Iteration2\t7.inf]]></Path>
</BtmPane>
</NodeArgs>
</Step>
<Summary sTime="6/13/2022 - 19:59:51" eTime="6/13/2022 - 19:59:51" passed="1" failed="0" warnings="0" ></Summary>
<NodeArgs eType="StartAction" icon="2" nRep="53" status="Passed" >
<Disp><![CDATA[PATCH Summary]]></Disp>
</NodeArgs>
</Action>
<Action rID="T47">
<AName><![CDATA[Delete]]></AName>
<Step rID="T48">
<Obj plainTxt="False" ><![CDATA[Service: Add Header]]></Obj>
<Details plainTxt="False" ><![CDATA[<CENTER>Add the following header to the next HTTP request :<BR><STRONG><FONT COLOR=#00AF00>content-type: json</FONT></STRONG></CENTER>]]></Details>
<Time><![CDATA[6/13/2022 - 19:59:51]]></Time>
<TimeTick>1655168391</TimeTick>
<NodeArgs eType="General" icon="5" nRep="61" >
<Disp><![CDATA[Service: Add Header]]></Disp>
</NodeArgs>
</Step>
<Step rID="T49">
<Obj plainTxt="False" ><![CDATA[Service: Add Header]]></Obj>
<Details plainTxt="False" ><![CDATA[<CENTER>Add the following header to the next HTTP request :<BR><STRONG><FONT COLOR=#00AF00>usertype: value</FONT></STRONG></CENTER>]]></Details>
<Time><![CDATA[6/13/2022 - 19:59:51]]></Time>
<TimeTick>1655168391</TimeTick>
<NodeArgs eType="General" icon="5" nRep="62" >
<Disp><![CDATA[Service: Add Header]]></Disp>
</NodeArgs>
</Step>
<Step rID="T50">
<Obj plainTxt="False" ><![CDATA[Custom Request: web_custom_request]]></Obj>
<Details plainTxt="False" ><![CDATA[<CENTER><STRONG><FONT COLOR=#009A63>Step completed successfully</FONT></STRONG></CENTER>]]></Details>
<Time><![CDATA[6/13/2022 - 19:59:52]]></Time>
<TimeTick>1655168392</TimeTick>
<NodeArgs eType="General" icon="4" nRep="63" status="Passed" >
<Disp><![CDATA[Custom Request: web_custom_request]]></Disp>
<BtmPane vType="HTMLSNSH" >
<Path><![CDATA[\Iteration2\t8.inf]]></Path>
</BtmPane>
</NodeArgs>
</Step>
<Summary sTime="6/13/2022 - 19:59:51" eTime="6/13/2022 - 19:59:52" passed="1" failed="0" warnings="0" ></Summary>
<NodeArgs eType="StartAction" icon="2" nRep="60" status="Passed" >
<Disp><![CDATA[Delete Summary]]></Disp>
</NodeArgs>
</Action>
<Action rID="T51">
<AName><![CDATA[POST]]></AName>
<Step rID="T52">
<Obj plainTxt="False" ><![CDATA[Service: Add Header]]></Obj>
<Details plainTxt="False" ><![CDATA[<CENTER>Add the following header to the next HTTP request :<BR><STRONG><FONT COLOR=#00AF00>content-type: json</FONT></STRONG></CENTER>]]></Details>
<Time><![CDATA[6/13/2022 - 19:59:52]]></Time>
<TimeTick>1655168392</TimeTick>
<NodeArgs eType="General" icon="5" nRep="66" >
<Disp><![CDATA[Service: Add Header]]></Disp>
</NodeArgs>
</Step>
<Step rID="T53">
<Obj plainTxt="False" ><![CDATA[Service: Add Header]]></Obj>
<Details plainTxt="False" ><![CDATA[<CENTER>Add the following header to the next HTTP request :<BR><STRONG><FONT COLOR=#00AF00>usertype: value</FONT></STRONG></CENTER>]]></Details>
<Time><![CDATA[6/13/2022 - 19:59:52]]></Time>
<TimeTick>1655168392</TimeTick>
<NodeArgs eType="General" icon="5" nRep="67" >
<Disp><![CDATA[Service: Add Header]]></Disp>
</NodeArgs>
</Step>
<Step rID="T54">
<Obj plainTxt="False" ><![CDATA[Custom Request: web_custom_request]]></Obj>
<Details plainTxt="False" ><![CDATA[<CENTER><STRONG><FONT COLOR=#009A63>Step completed successfully</FONT></STRONG></CENTER>]]></Details>
<Time><![CDATA[6/13/2022 - 19:59:52]]></Time>
<TimeTick>1655168392</TimeTick>
<NodeArgs eType="General" icon="4" nRep="68" status="Passed" >
<Disp><![CDATA[Custom Request: web_custom_request]]></Disp>
<BtmPane vType="HTMLSNSH" >
<Path><![CDATA[\Iteration2\t9.inf]]></Path>
</BtmPane>
</NodeArgs>
</Step>
<Step rID="T55">
<Obj plainTxt="False" ><![CDATA[Service: Reg Save Param RegExp]]></Obj>
<Details plainTxt="False" ><![CDATA[<CENTER>ParamName = <STRONG><FONT COLOR=#00AF00>c_token</FONT></STRONG><BR>RegExp = <STRONG><FONT COLOR=#00AF00>token":"(.*?)"</FONT></STRONG><BR>Instance = <STRONG><FONT COLOR=#00AF00>[param not passed in call]</FONT></STRONG></CENTER>]]></Details>
<Time><![CDATA[6/13/2022 - 19:59:52]]></Time>
<TimeTick>1655168392</TimeTick>
<NodeArgs eType="General" icon="6" nRep="69" >
<Disp><![CDATA[Service: Reg Save Param RegExp]]></Disp>
</NodeArgs>
</Step>
<Step rID="T56">
<Obj plainTxt="False" ><![CDATA[Custom Request: web_custom_request]]></Obj>
<Details plainTxt="False" ><![CDATA[<CENTER><STRONG><FONT COLOR=#009A63>Step completed successfully</FONT></STRONG></CENTER>]]></Details>
<Time><![CDATA[6/13/2022 - 19:59:52]]></Time>
<TimeTick>1655168392</TimeTick>
<NodeArgs eType="General" icon="4" nRep="70" status="Passed" >
<Disp><![CDATA[Custom Request: web_custom_request]]></Disp>
<BtmPane vType="HTMLSNSH" >
<Path><![CDATA[\Iteration2\t11.inf]]></Path>
</BtmPane>
</NodeArgs>
</Step>
<Summary sTime="6/13/2022 - 19:59:52" eTime="6/13/2022 - 19:59:52" passed="2" failed="0" warnings="0" ></Summary>
<NodeArgs eType="StartAction" icon="2" nRep="65" status="Passed" >
<Disp><![CDATA[POST Summary]]></Disp>
</NodeArgs>
</Action>
<NodeArgs eType="StartIteration" icon="3" nRep="40" status="Passed" >
<Disp><![CDATA[api1 Iteration 2 (Row 2)]]></Disp>
</NodeArgs>
</DIter>
<DIter rID="T57" iterID="3" >
<Action rID="T58">
<AName><![CDATA[GET]]></AName>
<Step rID="T59">
<Obj plainTxt="False" ><![CDATA[Custom Request: web_custom_request]]></Obj>
<Details plainTxt="False" ><![CDATA[<CENTER><STRONG><FONT COLOR=#009A63>Step completed successfully</FONT></STRONG></CENTER>]]></Details>
<Time><![CDATA[6/13/2022 - 19:59:52]]></Time>
<TimeTick>1655168392</TimeTick>
<NodeArgs eType="General" icon="4" nRep="75" status="Passed" >
<Disp><![CDATA[Custom Request: web_custom_request]]></Disp>
<BtmPane vType="HTMLSNSH" >
<Path><![CDATA[\Iteration3\t1.inf]]></Path>
</BtmPane>
</NodeArgs>
</Step>
<Step rID="T60">
<Obj plainTxt="False" ><![CDATA[Service: Add Header]]></Obj>
<Details plainTxt="False" ><![CDATA[<CENTER>Add the following header to the next HTTP request :<BR><STRONG><FONT COLOR=#00AF00>content-type: json</FONT></STRONG></CENTER>]]></Details>
<Time><![CDATA[6/13/2022 - 19:59:52]]></Time>
<TimeTick>1655168392</TimeTick>
<NodeArgs eType="General" icon="5" nRep="76" >
<Disp><![CDATA[Service: Add Header]]></Disp>
</NodeArgs>
</Step>
<Step rID="T61">
<Obj plainTxt="False" ><![CDATA[Service: Add Header]]></Obj>
<Details plainTxt="False" ><![CDATA[<CENTER>Add the following header to the next HTTP request :<BR><STRONG><FONT COLOR=#00AF00>usertype: value</FONT></STRONG></CENTER>]]></Details>
<Time><![CDATA[6/13/2022 - 19:59:52]]></Time>
<TimeTick>1655168392</TimeTick>
<NodeArgs eType="General" icon="5" nRep="77" >
<Disp><![CDATA[Service: Add Header]]></Disp>
</NodeArgs>
</Step>
<Step rID="T62">
<Obj plainTxt="False" ><![CDATA[Service: Reg Save Param RegExp]]></Obj>
<Details plainTxt="False" ><![CDATA[<CENTER>ParamName = <STRONG><FONT COLOR=#00AF00>c_email</FONT></STRONG><BR>RegExp = <STRONG><FONT COLOR=#00AF00>,"email":"(.*?)","first</FONT></STRONG><BR>Instance = <STRONG><FONT COLOR=#00AF00>1</FONT></STRONG></CENTER>]]></Details>
<Time><![CDATA[6/13/2022 - 19:59:52]]></Time>
<TimeTick>1655168392</TimeTick>
<NodeArgs eType="General" icon="6" nRep="78" >
<Disp><![CDATA[Service: Reg Save Param RegExp]]></Disp>
</NodeArgs>
</Step>
<Step rID="T63">
<Obj plainTxt="False" ><![CDATA[Custom Request: web_custom_request]]></Obj>
<Details plainTxt="False" ><![CDATA[<CENTER><STRONG><FONT COLOR=#009A63>Step completed successfully</FONT></STRONG></CENTER>]]></Details>
<Time><![CDATA[6/13/2022 - 19:59:53]]></Time>
<TimeTick>1655168393</TimeTick>
<NodeArgs eType="General" icon="4" nRep="79" status="Passed" >
<Disp><![CDATA[Custom Request: web_custom_request]]></Disp>
<BtmPane vType="HTMLSNSH" >
<Path><![CDATA[\Iteration3\t3.inf]]></Path>
</BtmPane>
</NodeArgs>
</Step>
<Summary sTime="6/13/2022 - 19:59:52" eTime="6/13/2022 - 19:59:53" passed="2" failed="0" warnings="0" ></Summary>
<NodeArgs eType="StartAction" icon="2" nRep="74" status="Passed" >
<Disp><![CDATA[GET Summary]]></Disp>
</NodeArgs>
</Action>
<Action rID="T64">
<AName><![CDATA[put]]></AName>
<Step rID="T65">
<Obj plainTxt="False" ><![CDATA[Service: Add Header]]></Obj>
<Details plainTxt="False" ><![CDATA[<CENTER>Add the following header to the next HTTP request :<BR><STRONG><FONT COLOR=#00AF00>content-type: json</FONT></STRONG></CENTER>]]></Details>
<Time><![CDATA[6/13/2022 - 19:59:53]]></Time>
<TimeTick>1655168393</TimeTick>
<NodeArgs eType="General" icon="5" nRep="82" >
<Disp><![CDATA[Service: Add Header]]></Disp>
</NodeArgs>
</Step>
<Step rID="T66">
<Obj plainTxt="False" ><![CDATA[Service: Add Header]]></Obj>
<Details plainTxt="False" ><![CDATA[<CENTER>Add the following header to the next HTTP request :<BR><STRONG><FONT COLOR=#00AF00>usertype: value</FONT></STRONG></CENTER>]]></Details>
<Time><![CDATA[6/13/2022 - 19:59:53]]></Time>
<TimeTick>1655168393</TimeTick>
<NodeArgs eType="General" icon="5" nRep="83" >
<Disp><![CDATA[Service: Add Header]]></Disp>
</NodeArgs>
</Step>
<Step rID="T67">
<Obj plainTxt="False" ><![CDATA[Custom Request: web_custom_request]]></Obj>
<Details plainTxt="False" ><![CDATA[<CENTER><STRONG><FONT COLOR=#009A63>Step completed successfully</FONT></STRONG></CENTER>]]></Details>
<Time><![CDATA[6/13/2022 - 19:59:53]]></Time>
<TimeTick>1655168393</TimeTick>
<NodeArgs eType="General" icon="4" nRep="84" status="Passed" >
<Disp><![CDATA[Custom Request: web_custom_request]]></Disp>
<BtmPane vType="HTMLSNSH" >
<Path><![CDATA[\Iteration3\t4.inf]]></Path>
</BtmPane>
</NodeArgs>
</Step>
<Summary sTime="6/13/2022 - 19:59:53" eTime="6/13/2022 - 19:59:53" passed="1" failed="0" warnings="0" ></Summary>
<NodeArgs eType="StartAction" icon="2" nRep="81" status="Passed" >
<Disp><![CDATA[put Summary]]></Disp>
</NodeArgs>
</Action>
<Action rID="T68">
<AName><![CDATA[PATCH]]></AName>
<Step rID="T69">
<Obj plainTxt="False" ><![CDATA[Service: Add Header]]></Obj>
<Details plainTxt="False" ><![CDATA[<CENTER>Add the following header to the next HTTP request :<BR><STRONG><FONT COLOR=#00AF00>content-type: json</FONT></STRONG></CENTER>]]></Details>
<Time><![CDATA[6/13/2022 - 19:59:53]]></Time>
<TimeTick>1655168393</TimeTick>
<NodeArgs eType="General" icon="5" nRep="87" >
<Disp><![CDATA[Service: Add Header]]></Disp>
</NodeArgs>
</Step>
<Step rID="T70">
<Obj plainTxt="False" ><![CDATA[Service: Add Header]]></Obj>
<Details plainTxt="False" ><![CDATA[<CENTER>Add the following header to the next HTTP request :<BR><STRONG><FONT COLOR=#00AF00>usertype: value</FONT></STRONG></CENTER>]]></Details>
<Time><![CDATA[6/13/2022 - 19:59:53]]></Time>
<TimeTick>1655168393</TimeTick>
<NodeArgs eType="General" icon="5" nRep="88" >
<Disp><![CDATA[Service: Add Header]]></Disp>
</NodeArgs>
</Step>
<Step rID="T71">
<Obj plainTxt="False" ><![CDATA[Service: Reg Save Param RegExp]]></Obj>
<Details plainTxt="False" ><![CDATA[<CENTER>ParamName = <STRONG><FONT COLOR=#00AF00>c_name</FONT></STRONG><BR>RegExp = <STRONG><FONT COLOR=#00AF00>name":"(.*?)","jo</FONT></STRONG><BR>Instance = <STRONG><FONT COLOR=#00AF00>[param not passed in call]</FONT></STRONG></CENTER>]]></Details>
<Time><![CDATA[6/13/2022 - 19:59:53]]></Time>
<TimeTick>1655168393</TimeTick>
<NodeArgs eType="General" icon="6" nRep="89" >
<Disp><![CDATA[Service: Reg Save Param RegExp]]></Disp>
</NodeArgs>
</Step>
<Step rID="T72">
<Obj plainTxt="False" ><![CDATA[Service: Reg Save Param RegExp]]></Obj>
<Details plainTxt="False" ><![CDATA[<CENTER>ParamName = <STRONG><FONT COLOR=#00AF00>c_job</FONT></STRONG><BR>RegExp = <STRONG><FONT COLOR=#00AF00>job":"(.*?)","up</FONT></STRONG><BR>Instance = <STRONG><FONT COLOR=#00AF00>[param not passed in call]</FONT></STRONG></CENTER>]]></Details>
<Time><![CDATA[6/13/2022 - 19:59:53]]></Time>
<TimeTick>1655168393</TimeTick>
<NodeArgs eType="General" icon="6" nRep="90" >
<Disp><![CDATA[Service: Reg Save Param RegExp]]></Disp>
</NodeArgs>
</Step>
<Step rID="T73">
<Obj plainTxt="False" ><![CDATA[Custom Request: web_custom_request]]></Obj>
<Details plainTxt="False" ><![CDATA[<CENTER><STRONG><FONT COLOR=#009A63>Step completed successfully</FONT></STRONG></CENTER>]]></Details>
<Time><![CDATA[6/13/2022 - 19:59:53]]></Time>
<TimeTick>1655168393</TimeTick>
<NodeArgs eType="General" icon="4" nRep="91" status="Passed" >
<Disp><![CDATA[Custom Request: web_custom_request]]></Disp>
<BtmPane vType="HTMLSNSH" >
<Path><![CDATA[\Iteration3\t7.inf]]></Path>
</BtmPane>
</NodeArgs>
</Step>
<Summary sTime="6/13/2022 - 19:59:53" eTime="6/13/2022 - 19:59:53" passed="1" failed="0" warnings="0" ></Summary>
<NodeArgs eType="StartAction" icon="2" nRep="86" status="Passed" >
<Disp><![CDATA[PATCH Summary]]></Disp>
</NodeArgs>
</Action>
<Action rID="T74">
<AName><![CDATA[Delete]]></AName>
<Step rID="T75">
<Obj plainTxt="False" ><![CDATA[Service: Add Header]]></Obj>
<Details plainTxt="False" ><![CDATA[<CENTER>Add the following header to the next HTTP request :<BR><STRONG><FONT COLOR=#00AF00>content-type: json</FONT></STRONG></CENTER>]]></Details>
<Time><![CDATA[6/13/2022 - 19:59:53]]></Time>
<TimeTick>1655168393</TimeTick>
<NodeArgs eType="General" icon="5" nRep="94" >
<Disp><![CDATA[Service: Add Header]]></Disp>
</NodeArgs>
</Step>
<Step rID="T76">
<Obj plainTxt="False" ><![CDATA[Service: Add Header]]></Obj>
<Details plainTxt="False" ><![CDATA[<CENTER>Add the following header to the next HTTP request :<BR><STRONG><FONT COLOR=#00AF00>usertype: value</FONT></STRONG></CENTER>]]></Details>
<Time><![CDATA[6/13/2022 - 19:59:53]]></Time>
<TimeTick>1655168393</TimeTick>
<NodeArgs eType="General" icon="5" nRep="95" >
<Disp><![CDATA[Service: Add Header]]></Disp>
</NodeArgs>
</Step>
<Step rID="T77">
<Obj plainTxt="False" ><![CDATA[Custom Request: web_custom_request]]></Obj>
<Details plainTxt="False" ><![CDATA[<CENTER><STRONG><FONT COLOR=#009A63>Step completed successfully</FONT></STRONG></CENTER>]]></Details>
<Time><![CDATA[6/13/2022 - 19:59:54]]></Time>
<TimeTick>1655168394</TimeTick>
<NodeArgs eType="General" icon="4" nRep="96" status="Passed" >
<Disp><![CDATA[Custom Request: web_custom_request]]></Disp>
<BtmPane vType="HTMLSNSH" >
<Path><![CDATA[\Iteration3\t8.inf]]></Path>
</BtmPane>
</NodeArgs>
</Step>
<Summary sTime="6/13/2022 - 19:59:53" eTime="6/13/2022 - 19:59:54" passed="1" failed="0" warnings="0" ></Summary>
<NodeArgs eType="StartAction" icon="2" nRep="93" status="Passed" >
<Disp><![CDATA[Delete Summary]]></Disp>
</NodeArgs>
</Action>
<Action rID="T78">
<AName><![CDATA[POST]]></AName>
<Step rID="T79">
<Obj plainTxt="False" ><![CDATA[Service: Add Header]]></Obj>
<Details plainTxt="False" ><![CDATA[<CENTER>Add the following header to the next HTTP request :<BR><STRONG><FONT COLOR=#00AF00>content-type: json</FONT></STRONG></CENTER>]]></Details>
<Time><![CDATA[6/13/2022 - 19:59:54]]></Time>
<TimeTick>1655168394</TimeTick>
<NodeArgs eType="General" icon="5" nRep="99" >
<Disp><![CDATA[Service: Add Header]]></Disp>
</NodeArgs>
</Step>
<Step rID="T80">
<Obj plainTxt="False" ><![CDATA[Service: Add Header]]></Obj>
<Details plainTxt="False" ><![CDATA[<CENTER>Add the following header to the next HTTP request :<BR><STRONG><FONT COLOR=#00AF00>usertype: value</FONT></STRONG></CENTER>]]></Details>
<Time><![CDATA[6/13/2022 - 19:59:54]]></Time>
<TimeTick>1655168394</TimeTick>
<NodeArgs eType="General" icon="5" nRep="100" >
<Disp><![CDATA[Service: Add Header]]></Disp>
</NodeArgs>
</Step>
<Step rID="T81">
<Obj plainTxt="False" ><![CDATA[Custom Request: web_custom_request]]></Obj>
<Details plainTxt="False" ><![CDATA[<CENTER><STRONG><FONT COLOR=#009A63>Step completed successfully</FONT></STRONG></CENTER>]]></Details>
<Time><![CDATA[6/13/2022 - 19:59:54]]></Time>
<TimeTick>1655168394</TimeTick>
<NodeArgs eType="General" icon="4" nRep="101" status="Passed" >
<Disp><![CDATA[Custom Request: web_custom_request]]></Disp>
<BtmPane vType="HTMLSNSH" >
<Path><![CDATA[\Iteration3\t9.inf]]></Path>
</BtmPane>
</NodeArgs>
</Step>
<Step rID="T82">
<Obj plainTxt="False" ><![CDATA[Service: Reg Save Param RegExp]]></Obj>
<Details plainTxt="False" ><![CDATA[<CENTER>ParamName = <STRONG><FONT COLOR=#00AF00>c_token</FONT></STRONG><BR>RegExp = <STRONG><FONT COLOR=#00AF00>token":"(.*?)"</FONT></STRONG><BR>Instance = <STRONG><FONT COLOR=#00AF00>[param not passed in call]</FONT></STRONG></CENTER>]]></Details>
<Time><![CDATA[6/13/2022 - 19:59:54]]></Time>
<TimeTick>1655168394</TimeTick>
<NodeArgs eType="General" icon="6" nRep="102" >
<Disp><![CDATA[Service: Reg Save Param RegExp]]></Disp>
</NodeArgs>
</Step>
<Step rID="T83">
<Obj plainTxt="False" ><![CDATA[Custom Request: web_custom_request]]></Obj>
<Details plainTxt="False" ><![CDATA[<CENTER><STRONG><FONT COLOR=#009A63>Step completed successfully</FONT></STRONG></CENTER>]]></Details>
<Time><![CDATA[6/13/2022 - 19:59:54]]></Time>
<TimeTick>1655168394</TimeTick>
<NodeArgs eType="General" icon="4" nRep="103" status="Passed" >
<Disp><![CDATA[Custom Request: web_custom_request]]></Disp>
<BtmPane vType="HTMLSNSH" >
<Path><![CDATA[\Iteration3\t11.inf]]></Path>
</BtmPane>
</NodeArgs>
</Step>
<Summary sTime="6/13/2022 - 19:59:54" eTime="6/13/2022 - 19:59:54" passed="2" failed="0" warnings="0" ></Summary>
<NodeArgs eType="StartAction" icon="2" nRep="98" status="Passed" >
<Disp><![CDATA[POST Summary]]></Disp>
</NodeArgs>
</Action>
<NodeArgs eType="StartIteration" icon="3" nRep="73" status="Passed" >
<Disp><![CDATA[api1 Iteration 3 (Row 3)]]></Disp>
</NodeArgs>
</DIter>
<DIter rID="T84" iterID="4" >
<Action rID="T85">
<AName><![CDATA[GET]]></AName>
<Step rID="T86">
<Obj plainTxt="False" ><![CDATA[Custom Request: web_custom_request]]></Obj>
<Details plainTxt="False" ><![CDATA[<CENTER><STRONG><FONT COLOR=#009A63>Step completed successfully</FONT></STRONG></CENTER>]]></Details>
<Time><![CDATA[6/13/2022 - 19:59:55]]></Time>
<TimeTick>1655168395</TimeTick>
<NodeArgs eType="General" icon="4" nRep="108" status="Passed" >
<Disp><![CDATA[Custom Request: web_custom_request]]></Disp>
<BtmPane vType="HTMLSNSH" >
<Path><![CDATA[\Iteration4\t1.inf]]></Path>
</BtmPane>
</NodeArgs>
</Step>
<Step rID="T87">
<Obj plainTxt="False" ><![CDATA[Service: Add Header]]></Obj>
<Details plainTxt="False" ><![CDATA[<CENTER>Add the following header to the next HTTP request :<BR><STRONG><FONT COLOR=#00AF00>content-type: json</FONT></STRONG></CENTER>]]></Details>
<Time><![CDATA[6/13/2022 - 19:59:55]]></Time>
<TimeTick>1655168395</TimeTick>
<NodeArgs eType="General" icon="5" nRep="109" >
<Disp><![CDATA[Service: Add Header]]></Disp>
</NodeArgs>
</Step>
<Step rID="T88">
<Obj plainTxt="False" ><![CDATA[Service: Add Header]]></Obj>
<Details plainTxt="False" ><![CDATA[<CENTER>Add the following header to the next HTTP request :<BR><STRONG><FONT COLOR=#00AF00>usertype: value</FONT></STRONG></CENTER>]]></Details>
<Time><![CDATA[6/13/2022 - 19:59:55]]></Time>
<TimeTick>1655168395</TimeTick>
<NodeArgs eType="General" icon="5" nRep="110" >
<Disp><![CDATA[Service: Add Header]]></Disp>
</NodeArgs>
</Step>
<Step rID="T89">
<Obj plainTxt="False" ><![CDATA[Service: Reg Save Param RegExp]]></Obj>
<Details plainTxt="False" ><![CDATA[<CENTER>ParamName = <STRONG><FONT COLOR=#00AF00>c_email</FONT></STRONG><BR>RegExp = <STRONG><FONT COLOR=#00AF00>,"email":"(.*?)","first</FONT></STRONG><BR>Instance = <STRONG><FONT COLOR=#00AF00>1</FONT></STRONG></CENTER>]]></Details>
<Time><![CDATA[6/13/2022 - 19:59:55]]></Time>
<TimeTick>1655168395</TimeTick>
<NodeArgs eType="General" icon="6" nRep="111" >
<Disp><![CDATA[Service: Reg Save Param RegExp]]></Disp>
</NodeArgs>
</Step>
<Step rID="T90">
<Obj plainTxt="False" ><![CDATA[Custom Request: web_custom_request]]></Obj>
<Details plainTxt="False" ><![CDATA[<CENTER><STRONG><FONT COLOR=#009A63>Step completed successfully</FONT></STRONG></CENTER>]]></Details>
<Time><![CDATA[6/13/2022 - 19:59:55]]></Time>
<TimeTick>1655168395</TimeTick>
<NodeArgs eType="General" icon="4" nRep="112" status="Passed" >
<Disp><![CDATA[Custom Request: web_custom_request]]></Disp>
<BtmPane vType="HTMLSNSH" >
<Path><![CDATA[\Iteration4\t3.inf]]></Path>
</BtmPane>
</NodeArgs>
</Step>
<Summary sTime="6/13/2022 - 19:59:54" eTime="6/13/2022 - 19:59:55" passed="2" failed="0" warnings="0" ></Summary>
<NodeArgs eType="StartAction" icon="2" nRep="107" status="Passed" >
<Disp><![CDATA[GET Summary]]></Disp>
</NodeArgs>
</Action>
<Action rID="T91">
<AName><![CDATA[put]]></AName>
<Step rID="T92">
<Obj plainTxt="False" ><![CDATA[Service: Add Header]]></Obj>
<Details plainTxt="False" ><![CDATA[<CENTER>Add the following header to the next HTTP request :<BR><STRONG><FONT COLOR=#00AF00>content-type: json</FONT></STRONG></CENTER>]]></Details>
<Time><![CDATA[6/13/2022 - 19:59:55]]></Time>
<TimeTick>1655168395</TimeTick>
<NodeArgs eType="General" icon="5" nRep="115" >
<Disp><![CDATA[Service: Add Header]]></Disp>
</NodeArgs>
</Step>
<Step rID="T93">
<Obj plainTxt="False" ><![CDATA[Service: Add Header]]></Obj>
<Details plainTxt="False" ><![CDATA[<CENTER>Add the following header to the next HTTP request :<BR><STRONG><FONT COLOR=#00AF00>usertype: value</FONT></STRONG></CENTER>]]></Details>
<Time><![CDATA[6/13/2022 - 19:59:55]]></Time>
<TimeTick>1655168395</TimeTick>
<NodeArgs eType="General" icon="5" nRep="116" >
<Disp><![CDATA[Service: Add Header]]></Disp>
</NodeArgs>
</Step>
<Step rID="T94">
<Obj plainTxt="False" ><![CDATA[Custom Request: web_custom_request]]></Obj>
<Details plainTxt="False" ><![CDATA[<CENTER><STRONG><FONT COLOR=#009A63>Step completed successfully</FONT></STRONG></CENTER>]]></Details>
<Time><![CDATA[6/13/2022 - 19:59:55]]></Time>
<TimeTick>1655168395</TimeTick>
<NodeArgs eType="General" icon="4" nRep="117" status="Passed" >
<Disp><![CDATA[Custom Request: web_custom_request]]></Disp>
<BtmPane vType="HTMLSNSH" >
<Path><![CDATA[\Iteration4\t4.inf]]></Path>
</BtmPane>
</NodeArgs>
</Step>
<Summary sTime="6/13/2022 - 19:59:55" eTime="6/13/2022 - 19:59:55" passed="1" failed="0" warnings="0" ></Summary>
<NodeArgs eType="StartAction" icon="2" nRep="114" status="Passed" >
<Disp><![CDATA[put Summary]]></Disp>
</NodeArgs>
</Action>
<Action rID="T95">
<AName><![CDATA[PATCH]]></AName>
<Step rID="T96">
<Obj plainTxt="False" ><![CDATA[Service: Add Header]]></Obj>
<Details plainTxt="False" ><![CDATA[<CENTER>Add the following header to the next HTTP request :<BR><STRONG><FONT COLOR=#00AF00>content-type: json</FONT></STRONG></CENTER>]]></Details>
<Time><![CDATA[6/13/2022 - 19:59:55]]></Time>
<TimeTick>1655168395</TimeTick>
<NodeArgs eType="General" icon="5" nRep="120" >
<Disp><![CDATA[Service: Add Header]]></Disp>
</NodeArgs>
</Step>
<Step rID="T97">
<Obj plainTxt="False" ><![CDATA[Service: Add Header]]></Obj>
<Details plainTxt="False" ><![CDATA[<CENTER>Add the following header to the next HTTP request :<BR><STRONG><FONT COLOR=#00AF00>usertype: value</FONT></STRONG></CENTER>]]></Details>
<Time><![CDATA[6/13/2022 - 19:59:55]]></Time>
<TimeTick>1655168395</TimeTick>
<NodeArgs eType="General" icon="5" nRep="121" >
<Disp><![CDATA[Service: Add Header]]></Disp>
</NodeArgs>
</Step>
<Step rID="T98">
<Obj plainTxt="False" ><![CDATA[Service: Reg Save Param RegExp]]></Obj>
<Details plainTxt="False" ><![CDATA[<CENTER>ParamName = <STRONG><FONT COLOR=#00AF00>c_name</FONT></STRONG><BR>RegExp = <STRONG><FONT COLOR=#00AF00>name":"(.*?)","jo</FONT></STRONG><BR>Instance = <STRONG><FONT COLOR=#00AF00>[param not passed in call]</FONT></STRONG></CENTER>]]></Details>
<Time><![CDATA[6/13/2022 - 19:59:55]]></Time>
<TimeTick>1655168395</TimeTick>
<NodeArgs eType="General" icon="6" nRep="122" >
<Disp><![CDATA[Service: Reg Save Param RegExp]]></Disp>
</NodeArgs>
</Step>
<Step rID="T99">
<Obj plainTxt="False" ><![CDATA[Service: Reg Save Param RegExp]]></Obj>
<Details plainTxt="False" ><![CDATA[<CENTER>ParamName = <STRONG><FONT COLOR=#00AF00>c_job</FONT></STRONG><BR>RegExp = <STRONG><FONT COLOR=#00AF00>job":"(.*?)","up</FONT></STRONG><BR>Instance = <STRONG><FONT COLOR=#00AF00>[param not passed in call]</FONT></STRONG></CENTER>]]></Details>
<Time><![CDATA[6/13/2022 - 19:59:55]]></Time>
<TimeTick>1655168395</TimeTick>
<NodeArgs eType="General" icon="6" nRep="123" >
<Disp><![CDATA[Service: Reg Save Param RegExp]]></Disp>
</NodeArgs>
</Step>
<Step rID="T100">
<Obj plainTxt="False" ><![CDATA[Custom Request: web_custom_request]]></Obj>
<Details plainTxt="False" ><![CDATA[<CENTER><STRONG><FONT COLOR=#009A63>Step completed successfully</FONT></STRONG></CENTER>]]></Details>
<Time><![CDATA[6/13/2022 - 19:59:56]]></Time>
<TimeTick>1655168396</TimeTick>
<NodeArgs eType="General" icon="4" nRep="124" status="Passed" >
<Disp><![CDATA[Custom Request: web_custom_request]]></Disp>
<BtmPane vType="HTMLSNSH" >
<Path><![CDATA[\Iteration4\t7.inf]]></Path>
</BtmPane>
</NodeArgs>
</Step>
<Summary sTime="6/13/2022 - 19:59:55" eTime="6/13/2022 - 19:59:56" passed="1" failed="0" warnings="0" ></Summary>
<NodeArgs eType="StartAction" icon="2" nRep="119" status="Passed" >
<Disp><![CDATA[PATCH Summary]]></Disp>
</NodeArgs>
</Action>
<Action rID="T101">
<AName><![CDATA[Delete]]></AName>
<Step rID="T102">
<Obj plainTxt="False" ><![CDATA[Service: Add Header]]></Obj>
<Details plainTxt="False" ><![CDATA[<CENTER>Add the following header to the next HTTP request :<BR><STRONG><FONT COLOR=#00AF00>content-type: json</FONT></STRONG></CENTER>]]></Details>
<Time><![CDATA[6/13/2022 - 19:59:56]]></Time>
<TimeTick>1655168396</TimeTick>
<NodeArgs eType="General" icon="5" nRep="127" >
<Disp><![CDATA[Service: Add Header]]></Disp>
</NodeArgs>
</Step>
<Step rID="T103">
<Obj plainTxt="False" ><![CDATA[Service: Add Header]]></Obj>
<Details plainTxt="False" ><![CDATA[<CENTER>Add the following header to the next HTTP request :<BR><STRONG><FONT COLOR=#00AF00>usertype: value</FONT></STRONG></CENTER>]]></Details>
<Time><![CDATA[6/13/2022 - 19:59:56]]></Time>
<TimeTick>1655168396</TimeTick>
<NodeArgs eType="General" icon="5" nRep="128" >
<Disp><![CDATA[Service: Add Header]]></Disp>
</NodeArgs>
</Step>
<Step rID="T104">
<Obj plainTxt="False" ><![CDATA[Custom Request: web_custom_request]]></Obj>
<Details plainTxt="False" ><![CDATA[<CENTER><STRONG><FONT COLOR=#009A63>Step completed successfully</FONT></STRONG></CENTER>]]></Details>
<Time><![CDATA[6/13/2022 - 19:59:56]]></Time>
<TimeTick>1655168396</TimeTick>
<NodeArgs eType="General" icon="4" nRep="129" status="Passed" >
<Disp><![CDATA[Custom Request: web_custom_request]]></Disp>
<BtmPane vType="HTMLSNSH" >
<Path><![CDATA[\Iteration4\t8.inf]]></Path>
</BtmPane>
</NodeArgs>
</Step>
<Summary sTime="6/13/2022 - 19:59:56" eTime="6/13/2022 - 19:59:56" passed="1" failed="0" warnings="0" ></Summary>
<NodeArgs eType="StartAction" icon="2" nRep="126" status="Passed" >
<Disp><![CDATA[Delete Summary]]></Disp>
</NodeArgs>
</Action>
<Action rID="T105">
<AName><![CDATA[POST]]></AName>
<Step rID="T106">
<Obj plainTxt="False" ><![CDATA[Service: Add Header]]></Obj>
<Details plainTxt="False" ><![CDATA[<CENTER>Add the following header to the next HTTP request :<BR><STRONG><FONT COLOR=#00AF00>content-type: json</FONT></STRONG></CENTER>]]></Details>
<Time><![CDATA[6/13/2022 - 19:59:56]]></Time>
<TimeTick>1655168396</TimeTick>
<NodeArgs eType="General" icon="5" nRep="132" >
<Disp><![CDATA[Service: Add Header]]></Disp>
</NodeArgs>
</Step>
<Step rID="T107">
<Obj plainTxt="False" ><![CDATA[Service: Add Header]]></Obj>
<Details plainTxt="False" ><![CDATA[<CENTER>Add the following header to the next HTTP request :<BR><STRONG><FONT COLOR=#00AF00>usertype: value</FONT></STRONG></CENTER>]]></Details>
<Time><![CDATA[6/13/2022 - 19:59:56]]></Time>
<TimeTick>1655168396</TimeTick>
<NodeArgs eType="General" icon="5" nRep="133" >
<Disp><![CDATA[Service: Add Header]]></Disp>
</NodeArgs>
</Step>
<Step rID="T108">
<Obj plainTxt="False" ><![CDATA[Custom Request: web_custom_request]]></Obj>
<Details plainTxt="False" ><![CDATA[<CENTER><STRONG><FONT COLOR=#009A63>Step completed successfully</FONT></STRONG></CENTER>]]></Details>
<Time><![CDATA[6/13/2022 - 19:59:56]]></Time>
<TimeTick>1655168396</TimeTick>
<NodeArgs eType="General" icon="4" nRep="134" status="Passed" >
<Disp><![CDATA[Custom Request: web_custom_request]]></Disp>
<BtmPane vType="HTMLSNSH" >
<Path><![CDATA[\Iteration4\t9.inf]]></Path>
</BtmPane>
</NodeArgs>
</Step>
<Step rID="T109">
<Obj plainTxt="False" ><![CDATA[Service: Reg Save Param RegExp]]></Obj>
<Details plainTxt="False" ><![CDATA[<CENTER>ParamName = <STRONG><FONT COLOR=#00AF00>c_token</FONT></STRONG><BR>RegExp = <STRONG><FONT COLOR=#00AF00>token":"(.*?)"</FONT></STRONG><BR>Instance = <STRONG><FONT COLOR=#00AF00>[param not passed in call]</FONT></STRONG></CENTER>]]></Details>
<Time><![CDATA[6/13/2022 - 19:59:56]]></Time>
<TimeTick>1655168396</TimeTick>
<NodeArgs eType="General" icon="6" nRep="135" >
<Disp><![CDATA[Service: Reg Save Param RegExp]]></Disp>
</NodeArgs>
</Step>
<Step rID="T110">
<Obj plainTxt="False" ><![CDATA[Custom Request: web_custom_request]]></Obj>
<Details plainTxt="False" ><![CDATA[<CENTER><STRONG><FONT COLOR=#009A63>Step completed successfully</FONT></STRONG></CENTER>]]></Details>
<Time><![CDATA[6/13/2022 - 19:59:57]]></Time>
<TimeTick>1655168397</TimeTick>
<NodeArgs eType="General" icon="4" nRep="136" status="Passed" >
<Disp><![CDATA[Custom Request: web_custom_request]]></Disp>
<BtmPane vType="HTMLSNSH" >
<Path><![CDATA[\Iteration4\t11.inf]]></Path>
</BtmPane>
</NodeArgs>
</Step>
<Summary sTime="6/13/2022 - 19:59:56" eTime="6/13/2022 - 19:59:57" passed="2" failed="0" warnings="0" ></Summary>
<NodeArgs eType="StartAction" icon="2" nRep="131" status="Passed" >
<Disp><![CDATA[POST Summary]]></Disp>
</NodeArgs>
</Action>
<NodeArgs eType="StartIteration" icon="3" nRep="106" status="Passed" >
<Disp><![CDATA[api1 Iteration 4 (Row 4)]]></Disp>
</NodeArgs>
</DIter>
<DIter rID="T111" iterID="5" >
<Action rID="T112">
<AName><![CDATA[GET]]></AName>
<Step rID="T113">
<Obj plainTxt="False" ><![CDATA[Custom Request: web_custom_request]]></Obj>
<Details plainTxt="False" ><![CDATA[<CENTER><STRONG><FONT COLOR=#009A63>Step completed successfully</FONT></STRONG></CENTER>]]></Details>
<Time><![CDATA[6/13/2022 - 19:59:57]]></Time>
<TimeTick>1655168397</TimeTick>
<NodeArgs eType="General" icon="4" nRep="141" status="Passed" >
<Disp><![CDATA[Custom Request: web_custom_request]]></Disp>
<BtmPane vType="HTMLSNSH" >
<Path><![CDATA[\Iteration5\t1.inf]]></Path>
</BtmPane>
</NodeArgs>
</Step>
<Step rID="T114">
<Obj plainTxt="False" ><![CDATA[Service: Add Header]]></Obj>
<Details plainTxt="False" ><![CDATA[<CENTER>Add the following header to the next HTTP request :<BR><STRONG><FONT COLOR=#00AF00>content-type: json</FONT></STRONG></CENTER>]]></Details>
<Time><![CDATA[6/13/2022 - 19:59:57]]></Time>
<TimeTick>1655168397</TimeTick>
<NodeArgs eType="General" icon="5" nRep="142" >
<Disp><![CDATA[Service: Add Header]]></Disp>
</NodeArgs>
</Step>
<Step rID="T115">
<Obj plainTxt="False" ><![CDATA[Service: Add Header]]></Obj>
<Details plainTxt="False" ><![CDATA[<CENTER>Add the following header to the next HTTP request :<BR><STRONG><FONT COLOR=#00AF00>usertype: value</FONT></STRONG></CENTER>]]></Details>
<Time><![CDATA[6/13/2022 - 19:59:57]]></Time>
<TimeTick>1655168397</TimeTick>
<NodeArgs eType="General" icon="5" nRep="143" >
<Disp><![CDATA[Service: Add Header]]></Disp>
</NodeArgs>
</Step>
<Step rID="T116">
<Obj plainTxt="False" ><![CDATA[Service: Reg Save Param RegExp]]></Obj>
<Details plainTxt="False" ><![CDATA[<CENTER>ParamName = <STRONG><FONT COLOR=#00AF00>c_email</FONT></STRONG><BR>RegExp = <STRONG><FONT COLOR=#00AF00>,"email":"(.*?)","first</FONT></STRONG><BR>Instance = <STRONG><FONT COLOR=#00AF00>1</FONT></STRONG></CENTER>]]></Details>
<Time><![CDATA[6/13/2022 - 19:59:57]]></Time>
<TimeTick>1655168397</TimeTick>
<NodeArgs eType="General" icon="6" nRep="144" >
<Disp><![CDATA[Service: Reg Save Param RegExp]]></Disp>
</NodeArgs>
</Step>
<Step rID="T117">
<Obj plainTxt="False" ><![CDATA[Custom Request: web_custom_request]]></Obj>
<Details plainTxt="False" ><![CDATA[<CENTER><STRONG><FONT COLOR=#009A63>Step completed successfully</FONT></STRONG></CENTER>]]></Details>
<Time><![CDATA[6/13/2022 - 19:59:57]]></Time>
<TimeTick>1655168397</TimeTick>
<NodeArgs eType="General" icon="4" nRep="145" status="Passed" >
<Disp><![CDATA[Custom Request: web_custom_request]]></Disp>
<BtmPane vType="HTMLSNSH" >
<Path><![CDATA[\Iteration5\t3.inf]]></Path>
</BtmPane>
</NodeArgs>
</Step>
<Summary sTime="6/13/2022 - 19:59:57" eTime="6/13/2022 - 19:59:57" passed="2" failed="0" warnings="0" ></Summary>
<NodeArgs eType="StartAction" icon="2" nRep="140" status="Passed" >
<Disp><![CDATA[GET Summary]]></Disp>
</NodeArgs>
</Action>
<Action rID="T118">
<AName><![CDATA[put]]></AName>
<Step rID="T119">
<Obj plainTxt="False" ><![CDATA[Service: Add Header]]></Obj>
<Details plainTxt="False" ><![CDATA[<CENTER>Add the following header to the next HTTP request :<BR><STRONG><FONT COLOR=#00AF00>content-type: json</FONT></STRONG></CENTER>]]></Details>
<Time><![CDATA[6/13/2022 - 19:59:57]]></Time>
<TimeTick>1655168397</TimeTick>
<NodeArgs eType="General" icon="5" nRep="148" >
<Disp><![CDATA[Service: Add Header]]></Disp>
</NodeArgs>
</Step>
<Step rID="T120">
<Obj plainTxt="False" ><![CDATA[Service: Add Header]]></Obj>
<Details plainTxt="False" ><![CDATA[<CENTER>Add the following header to the next HTTP request :<BR><STRONG><FONT COLOR=#00AF00>usertype: value</FONT></STRONG></CENTER>]]></Details>
<Time><![CDATA[6/13/2022 - 19:59:57]]></Time>
<TimeTick>1655168397</TimeTick>
<NodeArgs eType="General" icon="5" nRep="149" >
<Disp><![CDATA[Service: Add Header]]></Disp>
</NodeArgs>
</Step>
<Step rID="T121">
<Obj plainTxt="False" ><![CDATA[Custom Request: web_custom_request]]></Obj>
<Details plainTxt="False" ><![CDATA[<CENTER><STRONG><FONT COLOR=#009A63>Step completed successfully</FONT></STRONG></CENTER>]]></Details>
<Time><![CDATA[6/13/2022 - 19:59:58]]></Time>
<TimeTick>1655168398</TimeTick>
<NodeArgs eType="General" icon="4" nRep="150" status="Passed" >
<Disp><![CDATA[Custom Request: web_custom_request]]></Disp>
<BtmPane vType="HTMLSNSH" >
<Path><![CDATA[\Iteration5\t4.inf]]></Path>
</BtmPane>
</NodeArgs>
</Step>
<Summary sTime="6/13/2022 - 19:59:57" eTime="6/13/2022 - 19:59:58" passed="1" failed="0" warnings="0" ></Summary>
<NodeArgs eType="StartAction" icon="2" nRep="147" status="Passed" >
<Disp><![CDATA[put Summary]]></Disp>
</NodeArgs>
</Action>
<Action rID="T122">
<AName><![CDATA[PATCH]]></AName>
<Step rID="T123">
<Obj plainTxt="False" ><![CDATA[Service: Add Header]]></Obj>
<Details plainTxt="False" ><![CDATA[<CENTER>Add the following header to the next HTTP request :<BR><STRONG><FONT COLOR=#00AF00>content-type: json</FONT></STRONG></CENTER>]]></Details>
<Time><![CDATA[6/13/2022 - 19:59:58]]></Time>
<TimeTick>1655168398</TimeTick>
<NodeArgs eType="General" icon="5" nRep="153" >
<Disp><![CDATA[Service: Add Header]]></Disp>
</NodeArgs>
</Step>
<Step rID="T124">
<Obj plainTxt="False" ><![CDATA[Service: Add Header]]></Obj>
<Details plainTxt="False" ><![CDATA[<CENTER>Add the following header to the next HTTP request :<BR><STRONG><FONT COLOR=#00AF00>usertype: value</FONT></STRONG></CENTER>]]></Details>
<Time><![CDATA[6/13/2022 - 19:59:58]]></Time>
<TimeTick>1655168398</TimeTick>
<NodeArgs eType="General" icon="5" nRep="154" >
<Disp><![CDATA[Service: Add Header]]></Disp>
</NodeArgs>
</Step>
<Step rID="T125">
<Obj plainTxt="False" ><![CDATA[Service: Reg Save Param RegExp]]></Obj>
<Details plainTxt="False" ><![CDATA[<CENTER>ParamName = <STRONG><FONT COLOR=#00AF00>c_name</FONT></STRONG><BR>RegExp = <STRONG><FONT COLOR=#00AF00>name":"(.*?)","jo</FONT></STRONG><BR>Instance = <STRONG><FONT COLOR=#00AF00>[param not passed in call]</FONT></STRONG></CENTER>]]></Details>
<Time><![CDATA[6/13/2022 - 19:59:58]]></Time>
<TimeTick>1655168398</TimeTick>
<NodeArgs eType="General" icon="6" nRep="155" >
<Disp><![CDATA[Service: Reg Save Param RegExp]]></Disp>
</NodeArgs>
</Step>
<Step rID="T126">
<Obj plainTxt="False" ><![CDATA[Service: Reg Save Param RegExp]]></Obj>
<Details plainTxt="False" ><![CDATA[<CENTER>ParamName = <STRONG><FONT COLOR=#00AF00>c_job</FONT></STRONG><BR>RegExp = <STRONG><FONT COLOR=#00AF00>job":"(.*?)","up</FONT></STRONG><BR>Instance = <STRONG><FONT COLOR=#00AF00>[param not passed in call]</FONT></STRONG></CENTER>]]></Details>
<Time><![CDATA[6/13/2022 - 19:59:58]]></Time>
<TimeTick>1655168398</TimeTick>
<NodeArgs eType="General" icon="6" nRep="156" >
<Disp><![CDATA[Service: Reg Save Param RegExp]]></Disp>
</NodeArgs>
</Step>
<Step rID="T127">
<Obj plainTxt="False" ><![CDATA[Custom Request: web_custom_request]]></Obj>
<Details plainTxt="False" ><![CDATA[<CENTER><STRONG><FONT COLOR=#009A63>Step completed successfully</FONT></STRONG></CENTER>]]></Details>
<Time><![CDATA[6/13/2022 - 19:59:58]]></Time>
<TimeTick>1655168398</TimeTick>
<NodeArgs eType="General" icon="4" nRep="157" status="Passed" >
<Disp><![CDATA[Custom Request: web_custom_request]]></Disp>
<BtmPane vType="HTMLSNSH" >
<Path><![CDATA[\Iteration5\t7.inf]]></Path>
</BtmPane>
</NodeArgs>
</Step>
<Summary sTime="6/13/2022 - 19:59:58" eTime="6/13/2022 - 19:59:58" passed="1" failed="0" warnings="0" ></Summary>
<NodeArgs eType="StartAction" icon="2" nRep="152" status="Passed" >
<Disp><![CDATA[PATCH Summary]]></Disp>
</NodeArgs>
</Action>
<Action rID="T128">
<AName><![CDATA[Delete]]></AName>
<Step rID="T129">
<Obj plainTxt="False" ><![CDATA[Service: Add Header]]></Obj>
<Details plainTxt="False" ><![CDATA[<CENTER>Add the following header to the next HTTP request :<BR><STRONG><FONT COLOR=#00AF00>content-type: json</FONT></STRONG></CENTER>]]></Details>
<Time><![CDATA[6/13/2022 - 19:59:58]]></Time>
<TimeTick>1655168398</TimeTick>
<NodeArgs eType="General" icon="5" nRep="160" >
<Disp><![CDATA[Service: Add Header]]></Disp>
</NodeArgs>
</Step>
<Step rID="T130">
<Obj plainTxt="False" ><![CDATA[Service: Add Header]]></Obj>
<Details plainTxt="False" ><![CDATA[<CENTER>Add the following header to the next HTTP request :<BR><STRONG><FONT COLOR=#00AF00>usertype: value</FONT></STRONG></CENTER>]]></Details>
<Time><![CDATA[6/13/2022 - 19:59:58]]></Time>
<TimeTick>1655168398</TimeTick>
<NodeArgs eType="General" icon="5" nRep="161" >
<Disp><![CDATA[Service: Add Header]]></Disp>
</NodeArgs>
</Step>
<Step rID="T131">
<Obj plainTxt="False" ><![CDATA[Custom Request: web_custom_request]]></Obj>
<Details plainTxt="False" ><![CDATA[<CENTER><STRONG><FONT COLOR=#009A63>Step completed successfully</FONT></STRONG></CENTER>]]></Details>
<Time><![CDATA[6/13/2022 - 19:59:59]]></Time>
<TimeTick>1655168399</TimeTick>
<NodeArgs eType="General" icon="4" nRep="162" status="Passed" >
<Disp><![CDATA[Custom Request: web_custom_request]]></Disp>
<BtmPane vType="HTMLSNSH" >
<Path><![CDATA[\Iteration5\t8.inf]]></Path>
</BtmPane>
</NodeArgs>
</Step>
<Summary sTime="6/13/2022 - 19:59:58" eTime="6/13/2022 - 19:59:59" passed="1" failed="0" warnings="0" ></Summary>
<NodeArgs eType="StartAction" icon="2" nRep="159" status="Passed" >
<Disp><![CDATA[Delete Summary]]></Disp>
</NodeArgs>
</Action>
<Action rID="T132">
<AName><![CDATA[POST]]></AName>
<Step rID="T133">
<Obj plainTxt="False" ><![CDATA[Service: Add Header]]></Obj>
<Details plainTxt="False" ><![CDATA[<CENTER>Add the following header to the next HTTP request :<BR><STRONG><FONT COLOR=#00AF00>content-type: json</FONT></STRONG></CENTER>]]></Details>
<Time><![CDATA[6/13/2022 - 19:59:59]]></Time>
<TimeTick>1655168399</TimeTick>
<NodeArgs eType="General" icon="5" nRep="165" >
<Disp><![CDATA[Service: Add Header]]></Disp>
</NodeArgs>
</Step>
<Step rID="T134">
<Obj plainTxt="False" ><![CDATA[Service: Add Header]]></Obj>
<Details plainTxt="False" ><![CDATA[<CENTER>Add the following header to the next HTTP request :<BR><STRONG><FONT COLOR=#00AF00>usertype: value</FONT></STRONG></CENTER>]]></Details>
<Time><![CDATA[6/13/2022 - 19:59:59]]></Time>
<TimeTick>1655168399</TimeTick>
<NodeArgs eType="General" icon="5" nRep="166" >
<Disp><![CDATA[Service: Add Header]]></Disp>
</NodeArgs>
</Step>
<Step rID="T135">
<Obj plainTxt="False" ><![CDATA[Custom Request: web_custom_request]]></Obj>
<Details plainTxt="False" ><![CDATA[<CENTER><STRONG><FONT COLOR=#009A63>Step completed successfully</FONT></STRONG></CENTER>]]></Details>
<Time><![CDATA[6/13/2022 - 19:59:59]]></Time>
<TimeTick>1655168399</TimeTick>
<NodeArgs eType="General" icon="4" nRep="167" status="Passed" >
<Disp><![CDATA[Custom Request: web_custom_request]]></Disp>
<BtmPane vType="HTMLSNSH" >
<Path><![CDATA[\Iteration5\t9.inf]]></Path>
</BtmPane>
</NodeArgs>
</Step>
<Step rID="T136">
<Obj plainTxt="False" ><![CDATA[Service: Reg Save Param RegExp]]></Obj>
<Details plainTxt="False" ><![CDATA[<CENTER>ParamName = <STRONG><FONT COLOR=#00AF00>c_token</FONT></STRONG><BR>RegExp = <STRONG><FONT COLOR=#00AF00>token":"(.*?)"</FONT></STRONG><BR>Instance = <STRONG><FONT COLOR=#00AF00>[param not passed in call]</FONT></STRONG></CENTER>]]></Details>
<Time><![CDATA[6/13/2022 - 19:59:59]]></Time>
<TimeTick>1655168399</TimeTick>
<NodeArgs eType="General" icon="6" nRep="168" >
<Disp><![CDATA[Service: Reg Save Param RegExp]]></Disp>
</NodeArgs>
</Step>
<Step rID="T137">
<Obj plainTxt="False" ><![CDATA[Custom Request: web_custom_request]]></Obj>
<Details plainTxt="False" ><![CDATA[<CENTER><STRONG><FONT COLOR=#009A63>Step completed successfully</FONT></STRONG></CENTER>]]></Details>
<Time><![CDATA[6/13/2022 - 19:59:59]]></Time>
<TimeTick>1655168399</TimeTick>
<NodeArgs eType="General" icon="4" nRep="169" status="Passed" >
<Disp><![CDATA[Custom Request: web_custom_request]]></Disp>
<BtmPane vType="HTMLSNSH" >
<Path><![CDATA[\Iteration5\t11.inf]]></Path>
</BtmPane>
</NodeArgs>
</Step>
<Summary sTime="6/13/2022 - 19:59:59" eTime="6/13/2022 - 19:59:59" passed="2" failed="0" warnings="0" ></Summary>
<NodeArgs eType="StartAction" icon="2" nRep="164" status="Passed" >
<Disp><![CDATA[POST Summary]]></Disp>
</NodeArgs>
</Action>
<NodeArgs eType="StartIteration" icon="3" nRep="139" status="Passed" >
<Disp><![CDATA[api1 Iteration 5 (Row 5)]]></Disp>
</NodeArgs>
</DIter>
<Action rID="T138">
<AName><![CDATA[vuser_end]]></AName>
<Summary sTime="6/13/2022 - 19:59:59" eTime="6/13/2022 - 19:59:59" passed="0" failed="0" warnings="0" ></Summary>
<NodeArgs eType="StartAction" icon="2" nRep="172" >
<Disp><![CDATA[vuser_end Summary]]></Disp>
</NodeArgs>
</Action>
<Summary sTime="6/13/2022 - 19:59:46" eTime="6/13/2022 - 19:59:59" passed="35" failed="0" warnings="0" ></Summary>
<NodeArgs eType="StartTest" icon="1" nRep="4" status="Passed" >
<Disp><![CDATA[Test api1 Summary]]></Disp>
</NodeArgs>
</Doc>
</Report>